architecture,y_true,entropy,correct
mobilenetv2,0,0.7735255,True
mobilenetv2,0,1.447817e-05,True
mobilenetv2,0,0.0008686045,True
mobilenetv2,0,0.5725947,False
mobilenetv2,0,0.978515,True
mobilenetv2,0,0.24883589,True
mobilenetv2,0,0.3174734,False
mobilenetv2,0,2.3946737e-05,True
mobilenetv2,0,0.003977234,False
mobilenetv2,0,0.11836185,True
mobilenetv2,0,0.016851678,True
mobilenetv2,0,0.2977887,False
mobilenetv2,0,0.00070242496,True
mobilenetv2,0,0.4766405,True
mobilenetv2,0,0.0023504654,True
mobilenetv2,0,0.008199994,True
mobilenetv2,0,0.0010775097,True
mobilenetv2,0,8.689222e-05,True
mobilenetv2,0,0.21220228,False
mobilenetv2,0,0.3233757,True
mobilenetv2,0,0.005788965,True
mobilenetv2,0,0.008031004,True
mobilenetv2,0,0.2921517,True
mobilenetv2,0,0.09283398,True
mobilenetv2,0,0.012886885,True
mobilenetv2,0,0.9727992,True
mobilenetv2,0,0.009708724,True
mobilenetv2,0,0.00915212,True
mobilenetv2,0,0.1991649,True
mobilenetv2,0,1.0981493,True
mobilenetv2,0,0.9219584,False
mobilenetv2,0,2.2453729e-05,True
mobilenetv2,0,0.23018332,True
mobilenetv2,0,0.18927895,False
mobilenetv2,0,0.0024176294,True
mobilenetv2,0,0.5907571,True
mobilenetv2,0,0.006141019,True
mobilenetv2,0,0.0040130485,True
mobilenetv2,0,0.24251248,False
mobilenetv2,0,0.014804264,True
mobilenetv2,0,0.21760887,True
mobilenetv2,0,0.32444808,True
mobilenetv2,0,0.6852886,True
mobilenetv2,0,0.2920288,True
mobilenetv2,0,0.049893055,True
mobilenetv2,0,0.26770338,True
mobilenetv2,0,0.78729707,False
mobilenetv2,0,0.00062675215,True
mobilenetv2,0,0.0084662745,True
mobilenetv2,0,0.5174531,False
mobilenetv2,0,0.9524393,False
mobilenetv2,0,7.8711695e-05,True
mobilenetv2,0,0.21772513,True
mobilenetv2,0,0.51117504,True
mobilenetv2,0,0.07212601,True
mobilenetv2,0,0.3913791,True
mobilenetv2,0,1.1459355,False
mobilenetv2,0,0.083774924,True
mobilenetv2,0,0.6355725,False
mobilenetv2,0,1.2236494e-06,True
mobilenetv2,0,0.084160745,True
mobilenetv2,0,0.011436255,True
mobilenetv2,0,0.0004773259,True
mobilenetv2,0,0.021764092,True
mobilenetv2,0,0.1454969,True
mobilenetv2,0,0.9863175,False
mobilenetv2,0,0.8681276,False
mobilenetv2,0,0.5914638,True
mobilenetv2,0,0.3629328,False
mobilenetv2,0,0.23494306,False
mobilenetv2,0,0.011136395,True
mobilenetv2,0,3.262872e-08,True
mobilenetv2,0,6.623716e-05,True
mobilenetv2,0,0.010035598,True
mobilenetv2,0,0.2614786,True
mobilenetv2,0,0.7742716,False
mobilenetv2,0,6.852164e-07,True
mobilenetv2,0,0.22580342,True
mobilenetv2,0,0.00010491144,True
mobilenetv2,0,0.9610933,False
mobilenetv2,0,0.3171967,False
mobilenetv2,0,0.91692436,True
mobilenetv2,0,0.0005340291,True
mobilenetv2,0,0.05187877,True
mobilenetv2,0,0.24137679,True
mobilenetv2,0,0.008472176,True
mobilenetv2,0,0.7046616,True
mobilenetv2,0,1.0380334,True
mobilenetv2,0,0.0006226135,True
mobilenetv2,0,0.1381258,True
mobilenetv2,0,0.011940822,True
mobilenetv2,0,0.42270124,True
mobilenetv2,0,0.00058645016,True
mobilenetv2,0,0.0033394014,True
mobilenetv2,0,0.041361786,True
mobilenetv2,0,0.0032699497,True
mobilenetv2,0,3.5000885e-05,True
mobilenetv2,0,0.61002076,False
mobilenetv2,0,0.00090250233,True
mobilenetv2,0,0.9484912,False
mobilenetv2,0,0.5583763,True
mobilenetv2,0,0.69899935,True
mobilenetv2,0,0.0024538632,True
mobilenetv2,0,0.15214403,True
mobilenetv2,0,0.07308461,True
mobilenetv2,0,0.78482866,True
mobilenetv2,0,0.15790196,True
mobilenetv2,0,1.1191405,False
mobilenetv2,0,0.12172553,True
mobilenetv2,0,0.000107122505,True
mobilenetv2,0,0.70911443,False
mobilenetv2,0,0.08564756,True
mobilenetv2,0,6.363446e-05,True
mobilenetv2,0,0.5903712,False
mobilenetv2,0,0.00237534,True
mobilenetv2,0,0.7127187,False
mobilenetv2,0,0.0066363374,True
mobilenetv2,0,0.107393205,False
mobilenetv2,0,0.98185754,False
mobilenetv2,0,0.08441774,True
mobilenetv2,0,2.8298751e-05,True
mobilenetv2,0,0.08782626,True
mobilenetv2,0,0.0106653115,True
mobilenetv2,0,0.005559528,True
mobilenetv2,0,0.6484902,False
mobilenetv2,0,0.67136484,False
mobilenetv2,0,0.5996865,True
mobilenetv2,0,0.73350036,False
mobilenetv2,0,0.00028005347,True
mobilenetv2,0,0.9345329,False
mobilenetv2,0,0.00023913648,True
mobilenetv2,0,3.1082894e-07,True
mobilenetv2,0,0.38292363,False
mobilenetv2,0,0.0057421625,True
mobilenetv2,0,0.7525377,True
mobilenetv2,0,0.030620538,True
mobilenetv2,0,0.3846638,True
mobilenetv2,0,0.024508856,True
mobilenetv2,0,8.367932e-06,True
mobilenetv2,0,0.13383886,True
mobilenetv2,0,0.00020028441,True
mobilenetv2,0,0.017015189,True
mobilenetv2,0,2.6308055e-07,True
mobilenetv2,0,0.31639084,False
mobilenetv2,0,0.73132724,True
mobilenetv2,0,0.83322763,True
mobilenetv2,0,0.78084433,True
mobilenetv2,0,0.0038590874,True
mobilenetv2,0,0.59813964,False
mobilenetv2,0,0.013199697,True
mobilenetv2,0,0.0018826029,True
mobilenetv2,0,0.007055453,True
mobilenetv2,0,0.0065680183,True
mobilenetv2,0,0.41970927,True
mobilenetv2,0,0.7935304,False
mobilenetv2,0,0.09477876,True
mobilenetv2,0,0.0023993766,True
mobilenetv2,0,0.00028144408,True
mobilenetv2,0,1.1250592e-05,True
mobilenetv2,0,0.004160831,True
mobilenetv2,0,0.00033160645,True
mobilenetv2,0,0.00015263403,True
mobilenetv2,0,0.10883732,True
mobilenetv2,0,0.18862964,True
mobilenetv2,0,0.7059687,True
mobilenetv2,0,1.828393e-05,True
mobilenetv2,0,3.372729e-05,True
mobilenetv2,0,0.6404991,True
mobilenetv2,0,0.009310613,True
mobilenetv2,0,0.6707175,True
mobilenetv2,0,0.30709094,True
mobilenetv2,0,0.0070314375,True
mobilenetv2,0,0.010337727,True
mobilenetv2,0,0.0013984025,True
mobilenetv2,0,0.25960034,True
mobilenetv2,0,0.019655105,True
mobilenetv2,0,4.447181e-05,True
mobilenetv2,0,0.5292374,False
mobilenetv2,0,0.7711975,True
mobilenetv2,0,0.026399188,True
mobilenetv2,0,0.0013071917,True
mobilenetv2,0,0.2750523,True
mobilenetv2,0,0.27735242,True
mobilenetv2,0,0.34227717,False
mobilenetv2,0,0.00064469513,True
mobilenetv2,0,0.46287823,True
mobilenetv2,0,1.9696417e-05,True
mobilenetv2,0,0.00014425252,True
mobilenetv2,0,0.06867267,True
mobilenetv2,0,0.9962462,False
mobilenetv2,0,0.07469788,True
mobilenetv2,0,4.187196e-06,True
mobilenetv2,0,0.37279087,True
mobilenetv2,0,8.642323e-05,True
mobilenetv2,0,0.0005118596,True
mobilenetv2,0,0.9388567,False
mobilenetv2,0,0.29019216,True
mobilenetv2,0,0.7915768,False
mobilenetv2,0,0.21141565,True
mobilenetv2,0,0.4721053,True
mobilenetv2,0,0.66726583,False
mobilenetv2,0,0.77507865,True
mobilenetv2,0,0.01933352,True
mobilenetv2,0,0.0042571654,True
mobilenetv2,0,0.2773889,True
mobilenetv2,0,0.0012196113,True
mobilenetv2,0,0.019567644,True
mobilenetv2,0,0.00025137162,True
mobilenetv2,0,0.12354028,True
mobilenetv2,0,0.46562487,True
mobilenetv2,0,1.7111668e-05,True
mobilenetv2,0,0.069076195,True
mobilenetv2,0,0.16208656,True
mobilenetv2,0,0.0156019125,True
mobilenetv2,0,6.3973616e-08,True
mobilenetv2,0,1.006486,True
mobilenetv2,0,0.0016462398,True
mobilenetv2,0,0.6974875,False
mobilenetv2,0,0.19583964,True
mobilenetv2,0,0.055254754,True
mobilenetv2,0,1.074118,True
mobilenetv2,0,0.00052364275,True
mobilenetv2,0,0.0029152387,True
mobilenetv2,0,1.1115643,False
mobilenetv2,0,0.004336556,True
mobilenetv2,0,0.0004573788,True
mobilenetv2,0,0.00063417386,True
mobilenetv2,0,0.2818786,False
mobilenetv2,0,0.17933764,True
mobilenetv2,0,0.039439186,True
mobilenetv2,0,0.7718941,True
mobilenetv2,0,0.0050692195,True
mobilenetv2,0,0.67901045,True
mobilenetv2,0,0.028390966,True
mobilenetv2,0,0.0013550769,True
mobilenetv2,0,0.4750372,True
mobilenetv2,0,0.0004229616,True
mobilenetv2,0,0.016620582,True
mobilenetv2,0,0.59840304,False
mobilenetv2,0,0.43053952,True
mobilenetv2,0,1.0468321,False
mobilenetv2,0,0.3702316,True
mobilenetv2,0,0.61581635,True
mobilenetv2,0,0.0070212116,False
mobilenetv2,0,0.06117947,True
mobilenetv2,0,0.43963164,False
mobilenetv2,0,0.0042149993,True
mobilenetv2,0,0.08913864,True
mobilenetv2,0,0.33391672,True
mobilenetv2,0,0.49128506,False
mobilenetv2,0,0.06384299,True
mobilenetv2,0,5.0259778e-06,True
mobilenetv2,0,0.15935224,True
mobilenetv2,0,0.00020745593,True
mobilenetv2,0,0.10890257,True
mobilenetv2,0,0.0050971326,True
mobilenetv2,0,4.620744e-06,True
mobilenetv2,0,1.1372081,False
mobilenetv2,0,0.25934255,True
mobilenetv2,0,2.7921682e-05,True
mobilenetv2,0,0.0016313792,True
mobilenetv2,0,0.0012801061,True
mobilenetv2,0,0.18777773,False
mobilenetv2,0,0.5748042,True
mobilenetv2,0,0.32102984,True
mobilenetv2,0,0.44459566,True
mobilenetv2,0,2.8748398e-06,True
mobilenetv2,0,0.0015981239,True
mobilenetv2,0,2.8064918e-05,True
mobilenetv2,0,0.025941389,False
mobilenetv2,0,0.015607074,True
mobilenetv2,0,0.0046469737,True
mobilenetv2,0,0.6882771,True
mobilenetv2,0,8.5499676e-05,True
mobilenetv2,0,0.012954048,True
mobilenetv2,0,0.0004938031,True
mobilenetv2,0,0.00010766454,True
mobilenetv2,0,1.0998051,False
mobilenetv2,0,0.0051193647,True
mobilenetv2,0,0.061334014,False
mobilenetv2,0,0.34677905,False
mobilenetv2,0,0.0038760188,True
mobilenetv2,0,0.3307472,True
mobilenetv2,0,0.6929147,True
mobilenetv2,0,0.0011551188,True
mobilenetv2,0,0.17412569,True
mobilenetv2,0,0.010179609,True
mobilenetv2,0,0.7973386,False
mobilenetv2,0,0.011014409,True
mobilenetv2,0,0.75977117,True
mobilenetv2,0,0.0038050534,True
mobilenetv2,0,4.165442e-07,True
mobilenetv2,0,0.00043022982,True
mobilenetv2,0,0.022489343,True
mobilenetv2,0,0.031150158,True
mobilenetv2,0,0.13479225,True
mobilenetv2,0,0.8039118,True
mobilenetv2,0,0.22039753,True
mobilenetv2,0,0.0009190364,True
mobilenetv2,0,0.37747958,True
mobilenetv2,0,0.07895087,True
mobilenetv2,0,0.0012200767,True
mobilenetv2,0,0.8492797,True
mobilenetv2,0,0.0009932957,False
mobilenetv2,0,0.313393,True
mobilenetv2,0,0.02687525,True
mobilenetv2,0,6.750962e-05,True
mobilenetv2,0,0.03765275,True
mobilenetv2,0,0.0034344145,True
mobilenetv2,0,0.6326742,True
mobilenetv2,0,0.648613,True
mobilenetv2,0,0.00063766056,True
mobilenetv2,0,0.3077569,False
mobilenetv2,0,0.0007314905,True
mobilenetv2,0,0.5526905,True
mobilenetv2,0,0.44970682,True
mobilenetv2,0,0.15180176,True
mobilenetv2,0,8.17219e-07,True
mobilenetv2,0,0.58135164,True
mobilenetv2,0,8.035528e-06,True
mobilenetv2,0,0.67922866,True
mobilenetv2,0,0.74865294,False
mobilenetv2,0,0.67752934,False
mobilenetv2,0,1.3168381e-05,True
mobilenetv2,0,0.7924583,False
mobilenetv2,0,0.0031365056,True
mobilenetv2,0,1.4127545e-06,True
mobilenetv2,0,0.70006406,False
mobilenetv2,0,0.014336314,True
mobilenetv2,0,5.9297443e-05,True
mobilenetv2,0,0.00033211292,True
mobilenetv2,0,0.004104378,True
mobilenetv2,0,0.41232756,True
mobilenetv2,0,0.0024793192,True
mobilenetv2,0,0.0047212946,True
mobilenetv2,0,0.3238681,True
mobilenetv2,0,0.12869601,True
mobilenetv2,0,0.012633695,True
mobilenetv2,0,1.0840979,False
mobilenetv2,0,0.0088745775,True
mobilenetv2,0,0.5826132,True
mobilenetv2,0,0.44867486,True
mobilenetv2,0,0.58451575,False
mobilenetv2,0,0.022155795,True
mobilenetv2,0,0.013752241,True
mobilenetv2,0,0.0014006409,True
mobilenetv2,0,0.12135536,True
mobilenetv2,0,0.5428081,False
mobilenetv2,0,1.2936288e-06,True
mobilenetv2,0,0.9498949,False
mobilenetv2,0,0.00030289905,True
mobilenetv2,0,0.09377133,True
mobilenetv2,0,0.8455746,False
mobilenetv2,0,9.381814e-05,True
mobilenetv2,0,0.24845359,False
mobilenetv2,0,0.6910403,False
mobilenetv2,0,0.03136872,True
mobilenetv2,0,4.798198e-05,True
mobilenetv2,0,0.0008460145,True
mobilenetv2,0,0.6735942,False
mobilenetv2,0,2.3064813e-05,True
mobilenetv2,0,0.57564676,True
mobilenetv2,0,0.007482266,True
mobilenetv2,0,0.643471,True
mobilenetv2,0,0.6350028,True
mobilenetv2,0,0.0032915827,False
mobilenetv2,0,0.11501968,True
mobilenetv2,0,0.006338393,True
mobilenetv2,0,0.4919319,True
mobilenetv2,0,0.03582596,True
mobilenetv2,0,0.676602,False
mobilenetv2,0,0.63376313,True
mobilenetv2,0,1.209128e-05,False
mobilenetv2,0,0.92208153,True
mobilenetv2,0,1.0230387,False
mobilenetv2,0,0.5965258,True
mobilenetv2,0,0.009983387,False
mobilenetv2,0,0.0006049464,True
mobilenetv2,0,0.011318482,True
mobilenetv2,0,0.00022922085,True
mobilenetv2,0,0.45329624,True
mobilenetv2,0,0.74183756,True
mobilenetv2,0,0.0065592146,True
mobilenetv2,0,0.7848633,True
mobilenetv2,0,0.0011895259,True
mobilenetv2,0,0.8062472,False
mobilenetv2,0,0.56204754,False
mobilenetv2,0,0.04291272,True
mobilenetv2,0,0.18017767,True
mobilenetv2,0,0.0010132688,True
mobilenetv2,0,0.0002297205,True
mobilenetv2,0,0.5841769,True
mobilenetv2,0,5.4757747e-06,True
mobilenetv2,0,0.65639484,True
mobilenetv2,0,0.5419136,False
mobilenetv2,0,0.0054443125,True
mobilenetv2,0,0.20179586,True
mobilenetv2,0,0.20234719,False
mobilenetv2,0,0.558657,True
mobilenetv2,0,0.045149717,True
mobilenetv2,1,0.11479522,True
mobilenetv2,1,0.35063437,False
mobilenetv2,1,0.5032339,True
mobilenetv2,1,0.62663186,True
mobilenetv2,1,0.7720551,False
mobilenetv2,1,0.16979751,True
mobilenetv2,1,0.08006909,True
mobilenetv2,1,0.7102288,True
mobilenetv2,1,0.68389595,True
mobilenetv2,1,0.4398209,False
mobilenetv2,1,0.205028,True
mobilenetv2,1,0.96083736,True
mobilenetv2,1,0.4285308,False
mobilenetv2,1,0.35072196,True
mobilenetv2,1,0.585275,True
mobilenetv2,1,0.03569128,True
mobilenetv2,1,0.1198045,True
mobilenetv2,1,0.5555962,True
mobilenetv2,1,0.7322887,True
mobilenetv2,1,0.33390447,True
mobilenetv2,1,0.82802904,True
mobilenetv2,1,0.79427314,True
mobilenetv2,1,0.7231456,True
mobilenetv2,1,0.7818308,True
mobilenetv2,1,0.010644127,True
mobilenetv2,1,0.31538746,True
mobilenetv2,1,0.19440107,True
mobilenetv2,1,0.68784344,False
mobilenetv2,1,0.11059994,True
mobilenetv2,1,0.06129988,True
mobilenetv2,1,0.20226896,True
mobilenetv2,1,0.18274412,True
mobilenetv2,1,0.3389099,False
mobilenetv2,1,0.00045507995,True
mobilenetv2,1,0.30736524,True
mobilenetv2,1,0.65599614,True
mobilenetv2,1,0.063688815,True
mobilenetv2,1,0.0521147,True
mobilenetv2,1,0.7124795,True
mobilenetv2,1,0.029903635,True
mobilenetv2,1,0.34000945,True
mobilenetv2,1,0.040185884,True
mobilenetv2,1,0.75123703,True
mobilenetv2,1,0.08958137,True
mobilenetv2,1,0.76237845,True
mobilenetv2,1,0.013476109,True
mobilenetv2,1,0.003678918,False
mobilenetv2,1,0.8186489,False
mobilenetv2,1,0.34691405,False
mobilenetv2,1,0.18373188,False
mobilenetv2,1,0.17546596,True
mobilenetv2,1,0.36723858,True
mobilenetv2,1,0.19524652,True
mobilenetv2,1,0.7197254,False
mobilenetv2,1,0.63829184,True
mobilenetv2,1,0.63645685,False
mobilenetv2,1,0.45855203,True
mobilenetv2,1,0.40503907,True
mobilenetv2,1,0.29774493,True
mobilenetv2,1,0.8175746,False
mobilenetv2,1,0.6684603,True
mobilenetv2,1,0.8387194,False
mobilenetv2,1,0.30750802,True
mobilenetv2,1,0.7351744,True
mobilenetv2,1,0.53258264,True
mobilenetv2,1,0.5971185,False
mobilenetv2,1,0.8534887,False
mobilenetv2,1,0.049896874,True
mobilenetv2,1,0.013158948,True
mobilenetv2,1,0.0043921657,True
mobilenetv2,1,0.43725872,True
mobilenetv2,1,0.38567832,True
mobilenetv2,1,0.7093532,False
mobilenetv2,1,0.5599653,True
mobilenetv2,1,0.038570296,True
mobilenetv2,1,0.007191086,True
mobilenetv2,1,0.4474246,True
mobilenetv2,1,0.05178491,True
mobilenetv2,1,0.69524056,True
mobilenetv2,1,0.06441431,True
mobilenetv2,1,0.5615506,True
mobilenetv2,1,0.41373897,True
mobilenetv2,1,0.22622171,True
mobilenetv2,1,0.09652354,True
mobilenetv2,1,0.06305461,True
mobilenetv2,1,0.10620632,True
mobilenetv2,1,0.026781103,True
mobilenetv2,1,0.037502248,True
mobilenetv2,1,0.3527332,True
mobilenetv2,1,0.011680876,True
mobilenetv2,1,0.24729902,True
mobilenetv2,1,0.468963,True
mobilenetv2,1,0.41358507,False
mobilenetv2,1,0.69237125,True
mobilenetv2,1,0.4925688,True
mobilenetv2,1,0.8399588,True
mobilenetv2,1,0.6732732,True
mobilenetv2,1,0.53736424,True
mobilenetv2,1,0.37772518,True
mobilenetv2,1,0.12149834,True
mobilenetv2,1,0.0018187759,True
mobilenetv2,1,0.04587438,True
mobilenetv2,1,0.04825621,True
mobilenetv2,1,0.5894425,True
mobilenetv2,1,0.069642365,True
mobilenetv2,1,0.6650231,False
mobilenetv2,1,0.00031289266,True
mobilenetv2,1,0.44542575,True
mobilenetv2,1,0.624878,False
mobilenetv2,1,0.019149594,True
mobilenetv2,1,0.060999747,True
mobilenetv2,1,0.71074903,True
mobilenetv2,1,0.18635319,True
mobilenetv2,1,0.51207536,True
mobilenetv2,1,0.38689518,True
mobilenetv2,1,0.26039,True
mobilenetv2,1,0.19321388,True
mobilenetv2,1,0.103827246,True
mobilenetv2,1,0.00024852,True
mobilenetv2,1,0.69048846,True
mobilenetv2,1,0.58399516,True
mobilenetv2,1,0.21007174,False
mobilenetv2,1,0.00651748,True
mobilenetv2,1,0.016988844,True
mobilenetv2,1,0.71056163,True
mobilenetv2,1,0.7329885,True
mobilenetv2,1,0.17167543,True
mobilenetv2,1,0.52722377,False
mobilenetv2,1,0.1265183,True
mobilenetv2,1,0.656536,False
mobilenetv2,1,0.47436106,True
mobilenetv2,1,0.78010404,False
mobilenetv2,1,0.21289265,True
mobilenetv2,1,0.4635632,True
mobilenetv2,1,0.043088324,True
mobilenetv2,1,0.728528,True
mobilenetv2,1,0.3304146,True
mobilenetv2,1,0.6920593,False
mobilenetv2,1,0.6530936,False
mobilenetv2,1,0.11223794,True
mobilenetv2,1,0.5043732,True
mobilenetv2,1,0.88444436,False
mobilenetv2,1,0.4876488,True
mobilenetv2,1,0.71986556,False
mobilenetv2,1,0.3824652,False
mobilenetv2,1,0.1201329,True
mobilenetv2,1,0.6406364,True
mobilenetv2,1,0.00054013013,True
mobilenetv2,1,0.31777656,True
mobilenetv2,1,0.20726348,True
mobilenetv2,1,0.44884488,True
mobilenetv2,1,0.16047621,True
mobilenetv2,1,1.1023692,True
mobilenetv2,1,0.7584999,False
mobilenetv2,1,0.6461086,True
mobilenetv2,1,0.34391654,True
mobilenetv2,1,0.5086078,True
mobilenetv2,1,0.52413034,False
mobilenetv2,1,0.002966878,True
mobilenetv2,1,0.5641205,True
mobilenetv2,1,0.026490249,True
mobilenetv2,1,0.68458813,False
mobilenetv2,1,0.0060060085,True
mobilenetv2,1,1.0707477,False
mobilenetv2,1,0.7736273,True
mobilenetv2,1,0.35417038,False
mobilenetv2,1,0.103564054,True
mobilenetv2,1,0.12484518,True
mobilenetv2,1,0.032708388,True
mobilenetv2,1,0.23787755,True
mobilenetv2,1,0.088893995,True
mobilenetv2,1,1.1012781,False
mobilenetv2,1,0.0012053259,True
mobilenetv2,1,0.40037394,True
mobilenetv2,1,0.038597647,True
mobilenetv2,1,0.020498402,True
mobilenetv2,1,0.5881984,True
mobilenetv2,1,0.41477495,False
mobilenetv2,1,0.065745115,True
mobilenetv2,1,0.23952629,False
mobilenetv2,1,0.08142351,False
mobilenetv2,1,0.25511867,True
mobilenetv2,1,0.52552277,False
mobilenetv2,1,9.717929e-05,True
mobilenetv2,1,0.014475484,True
mobilenetv2,1,0.6465496,True
mobilenetv2,1,0.111108735,True
mobilenetv2,1,0.20481011,True
mobilenetv2,1,0.0029540118,True
mobilenetv2,1,0.25609064,True
mobilenetv2,1,0.93627846,False
mobilenetv2,1,0.5872899,True
mobilenetv2,1,0.00021295137,True
mobilenetv2,1,0.011869848,True
mobilenetv2,1,0.7112975,False
mobilenetv2,1,0.28616953,True
mobilenetv2,1,0.5961022,True
mobilenetv2,1,0.93300605,False
mobilenetv2,1,0.7391742,True
mobilenetv2,1,0.6077783,False
mobilenetv2,1,0.374295,True
mobilenetv2,1,0.8885199,True
mobilenetv2,1,0.04705406,True
mobilenetv2,1,0.3145716,True
mobilenetv2,1,0.25010428,True
mobilenetv2,1,0.33257353,True
mobilenetv2,1,0.075514264,True
mobilenetv2,1,0.6224539,False
mobilenetv2,1,0.08265605,True
mobilenetv2,1,0.0017664989,True
mobilenetv2,1,0.25621817,True
mobilenetv2,1,0.62802696,True
mobilenetv2,1,0.57745576,True
mobilenetv2,1,0.0006124773,True
mobilenetv2,1,0.034743875,True
mobilenetv2,1,0.00011958838,True
mobilenetv2,1,0.5115271,True
mobilenetv2,1,0.7245171,True
mobilenetv2,1,0.60579,True
mobilenetv2,1,0.19852826,True
mobilenetv2,1,0.8620033,True
mobilenetv2,1,0.14402027,True
mobilenetv2,1,0.46939474,True
mobilenetv2,1,0.46141058,True
mobilenetv2,1,0.6394798,True
mobilenetv2,1,0.3923505,True
mobilenetv2,1,0.06805812,True
mobilenetv2,1,0.009965729,True
mobilenetv2,1,0.25627065,True
mobilenetv2,1,0.5321512,True
mobilenetv2,1,0.49541125,True
mobilenetv2,1,0.020019414,True
mobilenetv2,1,0.70481634,True
mobilenetv2,1,0.07782382,True
mobilenetv2,1,0.0021412547,False
mobilenetv2,1,0.005087558,True
mobilenetv2,1,0.25589082,False
mobilenetv2,1,0.34313047,True
mobilenetv2,1,0.077695,True
mobilenetv2,1,0.6820889,True
mobilenetv2,1,0.6163585,True
mobilenetv2,1,0.7721161,False
mobilenetv2,1,0.47633803,True
mobilenetv2,1,0.7988682,False
mobilenetv2,1,0.44410306,False
mobilenetv2,1,1.0038756,False
mobilenetv2,1,0.024465743,True
mobilenetv2,1,0.03214489,True
mobilenetv2,1,0.116453044,True
mobilenetv2,1,0.11444357,True
mobilenetv2,1,0.6082345,True
mobilenetv2,1,0.0004804438,True
mobilenetv2,1,0.20289323,True
mobilenetv2,1,0.41734642,True
mobilenetv2,1,0.01517742,True
mobilenetv2,1,1.0355748,False
mobilenetv2,1,0.64685255,True
mobilenetv2,1,0.3337256,True
mobilenetv2,1,0.5656182,False
mobilenetv2,1,0.8590734,True
mobilenetv2,1,0.7026066,True
mobilenetv2,1,1.925443e-05,True
mobilenetv2,1,0.677861,True
mobilenetv2,1,0.0066474564,True
mobilenetv2,1,0.5319035,False
mobilenetv2,1,0.78426856,True
mobilenetv2,1,0.02295889,True
mobilenetv2,1,0.91538024,True
mobilenetv2,1,0.5029193,True
mobilenetv2,1,0.4577666,False
mobilenetv2,1,0.002791212,True
mobilenetv2,1,0.06908341,True
mobilenetv2,1,0.6812439,False
mobilenetv2,1,0.0024893386,True
mobilenetv2,1,0.15423502,True
mobilenetv2,1,0.074551836,True
mobilenetv2,1,0.20722017,True
mobilenetv2,1,0.65413594,True
mobilenetv2,1,0.17554665,True
mobilenetv2,1,0.58694386,True
mobilenetv2,1,0.68955886,False
mobilenetv2,1,0.15163805,True
mobilenetv2,1,0.09579264,True
mobilenetv2,1,0.045274653,True
mobilenetv2,1,0.08620759,True
mobilenetv2,1,0.2672676,True
mobilenetv2,1,0.70603615,False
mobilenetv2,1,0.087429024,True
mobilenetv2,1,0.56402975,False
mobilenetv2,1,0.8791238,True
mobilenetv2,1,0.56599283,True
mobilenetv2,1,0.50521594,True
mobilenetv2,1,0.019693859,True
mobilenetv2,1,0.1932645,True
mobilenetv2,1,0.0019460428,True
mobilenetv2,1,0.116529524,True
mobilenetv2,1,0.10270507,True
mobilenetv2,1,0.5338826,True
mobilenetv2,1,1.0322403,False
mobilenetv2,1,0.005324375,True
mobilenetv2,1,0.007807595,True
mobilenetv2,1,0.033095498,False
mobilenetv2,1,0.25914037,True
mobilenetv2,1,0.0100652,True
mobilenetv2,1,0.00433072,True
mobilenetv2,1,0.4704164,True
mobilenetv2,1,0.16182905,True
mobilenetv2,1,0.0025202045,True
mobilenetv2,1,0.65200317,True
mobilenetv2,1,0.6692532,False
mobilenetv2,1,0.35662428,True
mobilenetv2,1,0.48207265,True
mobilenetv2,1,0.022171339,True
mobilenetv2,1,0.71202314,False
mobilenetv2,1,0.5671528,True
mobilenetv2,1,0.07559523,True
mobilenetv2,1,0.41781148,False
mobilenetv2,1,0.20962681,True
mobilenetv2,1,0.06193911,True
mobilenetv2,1,0.07153021,True
mobilenetv2,1,0.7949779,False
mobilenetv2,1,0.6564629,True
mobilenetv2,1,0.27889073,True
mobilenetv2,1,0.09320132,True
mobilenetv2,1,0.79697216,True
mobilenetv2,1,0.00030271677,False
mobilenetv2,1,0.10806716,True
mobilenetv2,1,0.14700633,True
mobilenetv2,1,1.0034904,True
mobilenetv2,1,0.5032806,True
mobilenetv2,1,0.5684363,True
mobilenetv2,1,1.1027551,False
mobilenetv2,1,0.5080322,False
mobilenetv2,1,0.0005792031,True
mobilenetv2,1,1.0536966,False
mobilenetv2,1,0.19921626,True
mobilenetv2,1,0.6179558,True
mobilenetv2,1,0.0025782485,True
mobilenetv2,1,0.32574224,True
mobilenetv2,1,0.48592496,False
mobilenetv2,1,0.3426289,True
mobilenetv2,1,0.031853907,True
mobilenetv2,1,0.66512847,True
mobilenetv2,1,0.88312006,False
mobilenetv2,1,0.014164537,True
mobilenetv2,1,0.0027300268,True
mobilenetv2,1,0.0049036075,True
mobilenetv2,1,0.04338849,True
mobilenetv2,1,0.19403711,True
mobilenetv2,1,0.43256214,True
mobilenetv2,1,0.4357938,True
mobilenetv2,1,0.46561447,True
mobilenetv2,1,0.6736007,True
mobilenetv2,1,0.15794177,True
mobilenetv2,1,0.0089212265,True
mobilenetv2,1,0.59194994,True
mobilenetv2,1,0.22530282,True
mobilenetv2,1,0.5256852,True
mobilenetv2,1,0.0019665088,True
mobilenetv2,1,1.0704248,False
mobilenetv2,1,0.0051887594,True
mobilenetv2,1,0.6852658,False
mobilenetv2,1,0.21871793,True
mobilenetv2,1,0.111655414,True
mobilenetv2,1,0.8203256,True
mobilenetv2,1,0.10760139,True
mobilenetv2,1,0.107380435,True
mobilenetv2,1,0.69906664,True
mobilenetv2,1,0.72063494,False
mobilenetv2,1,0.015892804,True
mobilenetv2,1,0.116995595,True
mobilenetv2,1,0.06945966,True
mobilenetv2,1,0.02690035,True
mobilenetv2,1,6.613443e-06,True
mobilenetv2,1,1.0778018,False
mobilenetv2,1,0.9479655,True
mobilenetv2,1,0.41679204,True
mobilenetv2,1,0.42989707,True
mobilenetv2,1,0.62992436,False
mobilenetv2,1,0.068912655,True
mobilenetv2,1,1.0347376,False
mobilenetv2,1,0.042156108,True
mobilenetv2,1,0.096962005,True
mobilenetv2,1,0.038736437,True
mobilenetv2,1,0.8543836,True
mobilenetv2,1,0.105135456,True
mobilenetv2,1,0.0109381825,True
mobilenetv2,1,0.8009537,False
mobilenetv2,1,0.5903585,True
mobilenetv2,1,1.2531675,False
mobilenetv2,1,0.42439693,True
mobilenetv2,1,0.1319446,True
mobilenetv2,1,0.061084956,False
mobilenetv2,1,0.6986766,True
mobilenetv2,1,0.03130989,True
mobilenetv2,1,0.037431218,True
mobilenetv2,1,0.011038343,True
mobilenetv2,1,0.028013194,True
mobilenetv2,1,0.47132522,True
mobilenetv2,1,0.009321292,True
mobilenetv2,2,1.5022016e-06,True
mobilenetv2,2,1.7351064e-07,True
mobilenetv2,2,5.4954762e-05,True
mobilenetv2,2,5.8057678e-05,True
mobilenetv2,2,4.375338e-06,True
mobilenetv2,2,1.4888941e-06,True
mobilenetv2,2,3.1236002e-07,True
mobilenetv2,2,1.6957129e-05,True
mobilenetv2,2,3.996617e-12,True
mobilenetv2,2,5.107919e-08,True
mobilenetv2,2,0.011051102,True
mobilenetv2,2,0.00018968753,True
mobilenetv2,2,3.061344e-06,True
mobilenetv2,2,0.009386265,True
mobilenetv2,2,0.0068252897,True
mobilenetv2,2,0.0039743814,True
mobilenetv2,2,9.9735836e-08,True
mobilenetv2,2,2.471564e-10,True
mobilenetv2,2,1.9155968e-07,True
mobilenetv2,2,0.00026182877,True
mobilenetv2,2,0.0024707268,True
mobilenetv2,2,6.8470554e-06,True
mobilenetv2,2,4.5802835e-06,True
mobilenetv2,2,2.158923e-09,True
mobilenetv2,2,1.7324088e-06,True
mobilenetv2,2,0.131372,True
mobilenetv2,2,0.00069492374,True
mobilenetv2,2,7.065751e-05,True
mobilenetv2,2,0.009074219,True
mobilenetv2,2,0.03448678,True
mobilenetv2,2,0.00024923505,True
mobilenetv2,2,8.029209e-06,True
mobilenetv2,2,4.693906e-05,True
mobilenetv2,2,4.7659454e-10,True
mobilenetv2,2,0.00013629417,True
mobilenetv2,2,4.8779148e-05,True
mobilenetv2,2,6.664407e-09,True
mobilenetv2,2,1.0139894e-06,True
mobilenetv2,2,0.060266357,True
mobilenetv2,2,0.0014230127,True
mobilenetv2,2,0.0009500955,True
mobilenetv2,2,7.5479974e-08,True
mobilenetv2,2,2.6335956e-05,True
mobilenetv2,2,0.0012832872,True
mobilenetv2,2,8.910291e-08,True
mobilenetv2,2,5.933077e-05,True
mobilenetv2,2,1.7075588e-06,True
mobilenetv2,2,1.2276341e-06,True
mobilenetv2,2,1.6010237e-07,True
mobilenetv2,2,0.00011774142,True
mobilenetv2,2,2.377883e-10,True
mobilenetv2,2,1.4912708e-07,True
mobilenetv2,2,2.9404237e-08,True
mobilenetv2,2,1.4471561e-07,True
mobilenetv2,2,1.955464e-11,True
mobilenetv2,2,0.37310204,True
mobilenetv2,2,0.00065483595,True
mobilenetv2,2,0.88192844,True
mobilenetv2,2,0.01917167,True
mobilenetv2,2,3.4847828e-05,True
mobilenetv2,2,0.00082607707,True
mobilenetv2,2,0.00060988154,True
mobilenetv2,2,0.0049186745,True
mobilenetv2,2,2.7462795e-08,True
mobilenetv2,2,3.1103275e-07,True
mobilenetv2,2,0.00010731853,True
mobilenetv2,2,0.027647007,True
mobilenetv2,2,6.982963e-08,True
mobilenetv2,2,0.001127951,True
mobilenetv2,2,7.4684365e-09,True
mobilenetv2,2,1.664853e-05,True
mobilenetv2,2,0.00032415823,True
mobilenetv2,2,2.646815e-05,True
mobilenetv2,2,6.075458e-07,True
mobilenetv2,2,3.0301846e-06,True
mobilenetv2,2,0.048513234,True
mobilenetv2,2,9.720896e-06,True
mobilenetv2,2,9.780624e-06,True
mobilenetv2,2,0.0020870115,True
mobilenetv2,2,0.0006221532,True
mobilenetv2,2,2.1736443e-05,True
mobilenetv2,2,1.7876622e-05,True
mobilenetv2,2,3.367534e-07,True
mobilenetv2,2,7.748426e-08,True
mobilenetv2,2,1.0378166e-05,True
mobilenetv2,2,3.5035637e-07,True
mobilenetv2,2,0.001608897,True
mobilenetv2,2,1.3194969e-07,True
mobilenetv2,2,4.1582382e-10,True
mobilenetv2,2,0.025197718,True
mobilenetv2,2,3.497166e-08,True
mobilenetv2,2,1.5025636e-09,True
mobilenetv2,2,6.717299e-14,True
mobilenetv2,2,6.1442775e-09,True
mobilenetv2,2,1.2258014e-10,True
mobilenetv2,2,8.3097475e-05,True
mobilenetv2,2,1.6854109e-07,True
mobilenetv2,2,0.00015780306,True
mobilenetv2,2,1.2809066e-05,True
mobilenetv2,2,9.255419e-08,True
mobilenetv2,2,0.00026242013,True
mobilenetv2,2,3.1403382e-05,True
mobilenetv2,2,5.237121e-08,True
mobilenetv2,2,1.4794993e-08,True
mobilenetv2,2,3.6540523e-06,True
mobilenetv2,2,0.41491994,True
mobilenetv2,2,0.00014298524,True
mobilenetv2,2,0.0010033456,True
mobilenetv2,2,4.680417e-05,True
mobilenetv2,2,2.7273645e-05,True
mobilenetv2,2,0.0008350227,True
mobilenetv2,2,2.4258782e-06,True
mobilenetv2,2,1.1380164e-06,True
mobilenetv2,2,0.0002452322,True
mobilenetv2,2,0.00011801452,True
mobilenetv2,2,0.00019348774,True
mobilenetv2,2,0.0015171822,True
mobilenetv2,2,1.1373489e-09,True
mobilenetv2,2,0.0025220648,True
mobilenetv2,2,0.013678911,True
mobilenetv2,2,0.000293655,True
mobilenetv2,2,0.007656025,True
mobilenetv2,2,0.0001007052,True
mobilenetv2,2,0.006781322,True
mobilenetv2,2,6.13717e-05,True
mobilenetv2,2,0.0011108933,True
mobilenetv2,2,8.126477e-05,True
mobilenetv2,2,0.00041142,True
mobilenetv2,2,0.00032157655,True
mobilenetv2,2,0.00010512828,True
mobilenetv2,2,5.868222e-11,True
mobilenetv2,2,0.53578585,True
mobilenetv2,2,0.00014201515,True
mobilenetv2,2,0.00065007573,True
mobilenetv2,2,1.1943293e-09,True
mobilenetv2,2,0.18172279,True
mobilenetv2,2,7.262882e-07,True
mobilenetv2,2,7.908994e-05,True
mobilenetv2,2,1.1148244e-06,True
mobilenetv2,2,0.011091342,True
mobilenetv2,2,7.548735e-05,True
mobilenetv2,2,0.001007552,True
mobilenetv2,2,5.477717e-11,True
mobilenetv2,2,1.2855281e-06,True
mobilenetv2,2,0.00017280727,True
mobilenetv2,2,0.00012760324,True
mobilenetv2,2,0.021512896,True
mobilenetv2,2,1.5130001e-06,True
mobilenetv2,2,4.4024608e-07,True
mobilenetv2,2,1.0078478e-09,True
mobilenetv2,2,1.0410467e-07,True
mobilenetv2,2,2.1842967e-08,True
mobilenetv2,2,4.418928e-07,True
mobilenetv2,2,0.00040972215,True
mobilenetv2,2,8.6494595e-08,True
mobilenetv2,2,4.931018e-06,True
mobilenetv2,2,0.0012601358,True
mobilenetv2,2,9.166333e-05,True
mobilenetv2,2,1.3865006e-06,True
mobilenetv2,2,1.2375971e-10,True
mobilenetv2,2,2.5156555e-06,True
mobilenetv2,2,0.0009822712,True
mobilenetv2,2,5.0417636e-08,True
mobilenetv2,2,0.0026666308,True
mobilenetv2,2,1.611385e-09,True
mobilenetv2,2,0.0018897359,True
mobilenetv2,2,3.1356143e-11,True
mobilenetv2,2,2.726166e-07,True
mobilenetv2,2,0.011704963,True
mobilenetv2,2,9.70527e-06,True
mobilenetv2,2,3.737437e-08,True
mobilenetv2,2,0.0012002152,True
mobilenetv2,2,0.08128542,True
mobilenetv2,2,7.21803e-10,True
mobilenetv2,2,2.3931575e-06,True
mobilenetv2,2,2.3542275e-06,True
mobilenetv2,2,1.0580891e-05,True
mobilenetv2,2,0.0016828782,True
mobilenetv2,2,9.9382646e-08,True
mobilenetv2,2,7.321104e-05,True
mobilenetv2,2,4.4156515e-08,True
mobilenetv2,2,3.929902e-05,True
mobilenetv2,2,1.5296689e-06,True
mobilenetv2,2,2.642235e-11,True
mobilenetv2,2,0.062022097,True
mobilenetv2,2,2.147156e-11,True
mobilenetv2,2,3.430613e-09,True
mobilenetv2,2,9.215565e-05,True
mobilenetv2,2,6.2078696e-05,True
mobilenetv2,2,0.0019807264,True
mobilenetv2,2,2.4790634e-05,True
mobilenetv2,2,0.0016540065,True
mobilenetv2,2,0.040895082,True
mobilenetv2,2,7.3952435e-08,True
mobilenetv2,2,6.0460283e-05,True
mobilenetv2,2,4.0857805e-05,True
mobilenetv2,2,0.00905781,True
mobilenetv2,2,9.433528e-06,True
mobilenetv2,2,2.7601305e-07,True
mobilenetv2,2,9.4530995e-05,True
mobilenetv2,2,0.009302677,True
mobilenetv2,2,1.557999e-08,True
mobilenetv2,2,0.0001248555,True
mobilenetv2,2,4.21015e-05,True
mobilenetv2,2,4.3764778e-10,True
mobilenetv2,2,1.2849264e-05,True
mobilenetv2,2,0.0011784584,True
mobilenetv2,2,0.011461114,True
mobilenetv2,2,0.0013695213,True
mobilenetv2,2,1.0438833e-05,True
mobilenetv2,2,7.703657e-11,True
mobilenetv2,2,1.0333954,False
mobilenetv2,2,9.391704e-05,True
mobilenetv2,2,0.009593816,True
mobilenetv2,2,0.00037920556,True
mobilenetv2,2,0.00012514133,True
mobilenetv2,2,0.00033112554,True
mobilenetv2,2,2.3025695e-08,True
mobilenetv2,2,9.37284e-09,True
mobilenetv2,2,4.5239346e-07,True
mobilenetv2,2,2.6777533e-07,True
mobilenetv2,2,5.0604587e-10,True
mobilenetv2,2,2.400338e-11,True
mobilenetv2,2,0.03815773,True
mobilenetv2,2,1.952907e-07,True
mobilenetv2,2,2.685194e-08,True
mobilenetv2,2,6.2972795e-08,True
mobilenetv2,2,1.5788237e-05,True
mobilenetv2,2,5.5809213e-08,True
mobilenetv2,2,0.0009910926,True
mobilenetv2,2,2.8966998e-09,True
mobilenetv2,2,2.1808102e-09,True
mobilenetv2,2,2.6298775e-07,True
mobilenetv2,2,0.000119073884,True
mobilenetv2,2,0.0034698488,True
mobilenetv2,2,1.1677452e-06,True
mobilenetv2,2,0.0032015035,True
mobilenetv2,2,1.2144618e-07,True
mobilenetv2,2,9.877792e-10,True
mobilenetv2,2,0.017644191,True
mobilenetv2,2,0.062181637,True
mobilenetv2,2,1.5898101e-07,True
mobilenetv2,2,0.00022838757,True
mobilenetv2,2,5.167588e-07,True
mobilenetv2,2,1.6816118e-06,True
mobilenetv2,2,0.0033944692,True
mobilenetv2,2,3.2455913e-10,True
mobilenetv2,2,3.29143e-08,True
mobilenetv2,2,2.6870681e-09,True
mobilenetv2,2,2.2338522e-08,True
mobilenetv2,2,0.00041729538,True
mobilenetv2,2,3.2186333e-06,True
mobilenetv2,2,1.3564893e-07,True
mobilenetv2,2,2.052992e-05,True
mobilenetv2,2,1.3038583e-05,True
mobilenetv2,2,1.1982914e-06,True
mobilenetv2,2,7.5875655e-06,True
mobilenetv2,2,5.1845065e-05,True
mobilenetv2,2,2.0355063e-08,True
mobilenetv2,2,7.7905177e-10,True
mobilenetv2,2,0.0009917327,True
mobilenetv2,2,1.3827982e-06,True
mobilenetv2,2,1.8590374e-08,True
mobilenetv2,2,9.889214e-08,True
mobilenetv2,2,0.02260062,True
mobilenetv2,2,3.3642287e-08,True
mobilenetv2,2,3.4460478e-05,True
mobilenetv2,2,8.696954e-08,True
mobilenetv2,2,8.3575785e-11,True
mobilenetv2,2,0.0077499547,True
mobilenetv2,2,0.0041643726,True
mobilenetv2,2,1.3288391e-06,True
mobilenetv2,2,0.005146889,True
mobilenetv2,2,3.331514e-07,True
mobilenetv2,2,0.004990991,True
mobilenetv2,2,0.09115521,True
mobilenetv2,2,0.0004856113,True
mobilenetv2,2,0.0011958866,True
mobilenetv2,2,2.3779073e-10,True
mobilenetv2,2,1.1899835e-11,True
mobilenetv2,2,1.2003962e-07,True
mobilenetv2,2,0.990765,False
mobilenetv2,2,7.703051e-05,True
mobilenetv2,2,0.0003478978,True
mobilenetv2,2,1.3523186e-06,True
mobilenetv2,2,1.6633538e-05,True
mobilenetv2,2,1.4212065e-07,True
mobilenetv2,2,4.363756e-11,True
mobilenetv2,2,6.3415104e-09,True
mobilenetv2,2,0.010304213,True
mobilenetv2,2,5.805233e-09,True
mobilenetv2,2,3.898216e-06,True
mobilenetv2,2,0.00096782844,True
mobilenetv2,2,1.5016758e-05,True
mobilenetv2,2,2.2585409e-08,True
mobilenetv2,2,0.07069448,True
mobilenetv2,2,9.711994e-06,True
mobilenetv2,2,0.00021616877,True
mobilenetv2,2,1.2019052e-10,True
mobilenetv2,2,1.6832818e-10,True
mobilenetv2,2,6.6044277e-09,True
mobilenetv2,2,0.00017827562,True
mobilenetv2,2,2.896082e-07,True
mobilenetv2,2,8.172359e-05,True
mobilenetv2,2,0.003129038,True
mobilenetv2,2,0.1899336,True
mobilenetv2,2,3.0142957e-09,True
mobilenetv2,2,1.2429449e-05,True
mobilenetv2,2,8.488796e-09,True
mobilenetv2,2,3.2480276e-09,True
mobilenetv2,2,1.0364608e-06,True
mobilenetv2,2,0.8652618,True
mobilenetv2,2,3.0566675e-06,True
mobilenetv2,2,4.628295e-08,True
mobilenetv2,2,0.0009340152,True
mobilenetv2,2,2.0364878e-10,True
mobilenetv2,2,0.00067941035,True
mobilenetv2,2,6.3860874e-13,True
mobilenetv2,2,0.016626626,True
mobilenetv2,2,7.719703e-07,True
mobilenetv2,2,2.8570632e-08,True
mobilenetv2,2,1.8265749e-07,True
mobilenetv2,2,0.0014005124,True
mobilenetv2,2,0.001629624,True
mobilenetv2,2,0.00044228224,True
mobilenetv2,2,0.00010670131,True
mobilenetv2,2,0.009315984,True
mobilenetv2,2,1.7642747e-10,True
mobilenetv2,2,1.2903081e-10,True
mobilenetv2,2,0.0012988911,True
mobilenetv2,2,4.0627363e-08,True
mobilenetv2,2,1.8510178e-05,True
mobilenetv2,2,2.9131334e-08,True
mobilenetv2,2,5.9568542e-08,True
mobilenetv2,2,0.00029266236,True
mobilenetv2,2,8.818788e-05,True
mobilenetv2,2,3.8103967e-10,True
mobilenetv2,2,1.0290811e-06,True
mobilenetv2,2,8.18001e-15,True
mobilenetv2,2,4.2180385e-08,True
mobilenetv2,2,0.0004388592,True
mobilenetv2,2,0.00084457785,True
mobilenetv2,2,7.514373e-05,True
mobilenetv2,2,4.2391486e-05,True
mobilenetv2,2,0.0027319328,True
mobilenetv2,2,2.122737e-10,True
mobilenetv2,2,1.6014302e-10,True
mobilenetv2,2,1.3964827e-10,True
mobilenetv2,2,0.0021681404,True
mobilenetv2,2,7.067337e-06,True
mobilenetv2,2,1.5289847e-07,True
mobilenetv2,2,6.724352e-05,True
mobilenetv2,2,1.9628471e-06,True
mobilenetv2,2,3.521339e-06,True
mobilenetv2,2,0.0014358736,True
mobilenetv2,2,1.6120484e-05,True
mobilenetv2,2,0.000108427324,True
mobilenetv2,2,6.1866645e-05,True
mobilenetv2,2,6.868542e-06,True
mobilenetv2,2,1.2285706e-09,True
mobilenetv2,2,7.399244e-07,True
mobilenetv2,2,0.0006490136,True
mobilenetv2,2,3.7268832e-10,True
mobilenetv2,2,4.530531e-06,True
mobilenetv2,2,0.00038373593,True
mobilenetv2,2,3.533909e-08,True
mobilenetv2,2,0.00021106117,True
mobilenetv2,2,1.021722e-05,True
mobilenetv2,2,1.9410782e-09,True
mobilenetv2,2,1.8289604e-06,True
mobilenetv2,2,1.0774175e-05,True
mobilenetv2,2,2.0653763e-08,True
mobilenetv2,2,1.0305148e-07,True
mobilenetv2,2,6.0450725e-07,True
mobilenetv2,2,0.013376136,True
mobilenetv2,2,0.0062192054,True
mobilenetv2,2,0.002236189,True
mobilenetv2,2,0.0023209383,True
mobilenetv2,2,0.049202472,True
mobilenetv2,2,4.678512e-05,True
mobilenetv2,2,5.4746516e-07,True
mobilenetv2,2,0.00023221738,True
mobilenetv2,2,5.7527213e-05,True
mobilenetv2,2,0.0038633393,True
mobilenetv2,2,9.422252e-10,True
mobilenetv2,2,0.092300415,True
mobilenetv2,2,9.762379e-08,True
mobilenetv2,2,1.8356964e-08,True
mobilenetv2,2,7.41774e-07,True
mobilenetv2,2,0.16658348,True
mobilenetv2,2,2.3913127e-09,True
mobilenetv2,2,2.3843523e-07,True
mobilenetv2,2,0.054765224,True
mobilenetv2,2,0.0014286623,True
mobilenetv2,2,0.00017696973,True
mobilenetv2,2,0.017729547,True
mobilenetv2,2,0.09667133,True
mobilenetv2,2,2.0702535e-06,True
mobilenetv2,2,3.7442002e-10,True
mobilenetv2,2,6.3640844e-09,True
mobilenetv2,3,0.00011325861,True
mobilenetv2,3,0.0009474535,True
mobilenetv2,3,9.13386e-05,True
mobilenetv2,3,0.0007345501,True
mobilenetv2,3,0.010051315,True
mobilenetv2,3,0.0086617675,True
mobilenetv2,3,0.0014917365,True
mobilenetv2,3,0.003219448,True
mobilenetv2,3,0.00022776656,True
mobilenetv2,3,0.00024731405,True
mobilenetv2,3,4.9656237e-06,True
mobilenetv2,3,4.366352e-05,True
mobilenetv2,3,9.8388045e-05,True
mobilenetv2,3,0.00018568222,True
mobilenetv2,3,3.2193213e-05,True
mobilenetv2,3,8.0995895e-05,True
mobilenetv2,3,0.0031735627,True
mobilenetv2,3,0.0012432333,True
mobilenetv2,3,2.059424e-05,True
mobilenetv2,3,0.0056075095,True
mobilenetv2,3,0.03166069,True
mobilenetv2,3,1.632277e-05,True
mobilenetv2,3,0.007294291,True
mobilenetv2,3,0.00019874252,True
mobilenetv2,3,0.00019298724,True
mobilenetv2,3,0.22358064,True
mobilenetv2,3,0.00011258095,True
mobilenetv2,3,4.315537e-05,True
mobilenetv2,3,2.529964e-05,True
mobilenetv2,3,0.0008474657,True
mobilenetv2,3,0.00032812258,True
mobilenetv2,3,0.0008115263,True
mobilenetv2,3,0.00042683448,True
mobilenetv2,3,0.00431421,True
mobilenetv2,3,0.0052352827,True
mobilenetv2,3,0.000564544,True
mobilenetv2,3,0.0006034504,True
mobilenetv2,3,0.0058336197,True
mobilenetv2,3,0.0002601258,True
mobilenetv2,3,0.0718705,True
mobilenetv2,3,6.06704e-08,True
mobilenetv2,3,0.00036205514,True
mobilenetv2,3,0.000106467305,True
mobilenetv2,3,1.29235805e-05,True
mobilenetv2,3,0.00066764624,True
mobilenetv2,3,4.7042272e-07,True
mobilenetv2,3,0.0035786119,True
mobilenetv2,3,0.00058988534,True
mobilenetv2,3,0.0020031934,True
mobilenetv2,3,3.3648746e-05,True
mobilenetv2,3,0.00035607294,True
mobilenetv2,3,1.7341255e-05,True
mobilenetv2,3,1.981431e-05,True
mobilenetv2,3,2.1815178e-05,True
mobilenetv2,3,0.00035922675,True
mobilenetv2,3,0.00046602698,True
mobilenetv2,3,3.659158e-07,True
mobilenetv2,3,0.00011913564,True
mobilenetv2,3,0.010860447,True
mobilenetv2,3,0.0025191791,True
mobilenetv2,3,1.0806061e-05,True
mobilenetv2,3,0.008648481,True
mobilenetv2,3,1.2996652e-05,True
mobilenetv2,3,0.04076074,True
mobilenetv2,3,0.16057913,True
mobilenetv2,3,0.0100103775,True
mobilenetv2,3,1.8886452e-05,True
mobilenetv2,3,0.00015225094,True
mobilenetv2,3,0.00017076856,True
mobilenetv2,3,0.0009886957,True
mobilenetv2,3,4.7077105e-05,True
mobilenetv2,3,0.00053564605,True
mobilenetv2,3,0.00033739186,True
mobilenetv2,3,0.00021842093,True
mobilenetv2,3,0.0013588596,True
mobilenetv2,3,0.015181143,True
mobilenetv2,3,4.9081216e-05,True
mobilenetv2,3,0.0014099594,True
mobilenetv2,3,1.5759134e-07,True
mobilenetv2,3,0.012697833,True
mobilenetv2,3,0.0055065993,True
mobilenetv2,3,2.799124e-05,True
mobilenetv2,3,1.7012764e-05,True
mobilenetv2,3,0.022014206,True
mobilenetv2,3,6.29298e-06,True
mobilenetv2,3,0.0033063798,True
mobilenetv2,3,0.0005818294,True
mobilenetv2,3,0.0037188218,True
mobilenetv2,3,2.4249235e-05,True
mobilenetv2,3,2.7572356e-05,True
mobilenetv2,3,0.00032044546,True
mobilenetv2,3,0.00028506693,True
mobilenetv2,3,1.1473496e-06,True
mobilenetv2,3,0.0004735609,True
mobilenetv2,3,0.001461922,True
mobilenetv2,3,0.00043438736,True
mobilenetv2,3,0.0007237821,True
mobilenetv2,3,3.431288e-05,True
mobilenetv2,3,0.0005498363,True
mobilenetv2,3,0.004777881,True
mobilenetv2,3,3.8360555e-05,True
mobilenetv2,3,6.0327893e-05,True
mobilenetv2,3,0.00012007122,True
mobilenetv2,3,0.019383375,True
mobilenetv2,3,2.4344034e-05,True
mobilenetv2,3,0.0030555231,True
mobilenetv2,3,6.7264526e-05,True
mobilenetv2,3,0.058181662,True
mobilenetv2,3,1.9533898e-06,True
mobilenetv2,3,0.0031121166,True
mobilenetv2,3,0.0032274781,True
mobilenetv2,3,0.08865823,True
mobilenetv2,3,0.0060322583,True
mobilenetv2,3,8.749638e-07,True
mobilenetv2,3,3.082008e-05,True
mobilenetv2,3,0.00044796473,True
mobilenetv2,3,0.0004145185,True
mobilenetv2,3,0.002669862,True
mobilenetv2,3,0.0011008478,True
mobilenetv2,3,0.29909664,True
mobilenetv2,3,0.00065770675,True
mobilenetv2,3,2.3299008e-05,True
mobilenetv2,3,0.026450599,True
mobilenetv2,3,0.0014955768,True
mobilenetv2,3,3.761903e-05,True
mobilenetv2,3,3.0495592e-06,True
mobilenetv2,3,0.10104198,True
mobilenetv2,3,0.0031120528,True
mobilenetv2,3,0.0027035158,True
mobilenetv2,3,0.004631801,True
mobilenetv2,3,0.007326832,True
mobilenetv2,3,0.048855856,True
mobilenetv2,3,0.00012161953,True
mobilenetv2,3,0.19813366,True
mobilenetv2,3,0.0056716083,True
mobilenetv2,3,0.0021240371,True
mobilenetv2,3,0.00043493844,True
mobilenetv2,3,6.108918e-05,True
mobilenetv2,3,9.817859e-06,True
mobilenetv2,3,0.005117476,True
mobilenetv2,3,0.00037046938,True
mobilenetv2,3,0.00027859095,True
mobilenetv2,3,0.0006695265,True
mobilenetv2,3,5.7125988e-05,True
mobilenetv2,3,5.0201065e-06,True
mobilenetv2,3,0.000114175644,True
mobilenetv2,3,4.0708783e-05,True
mobilenetv2,3,8.751253e-06,True
mobilenetv2,3,3.4584205e-06,True
mobilenetv2,3,5.9957845e-05,True
mobilenetv2,3,2.516533e-06,True
mobilenetv2,3,0.00015487852,True
mobilenetv2,3,0.0005145367,True
mobilenetv2,3,0.02972416,True
mobilenetv2,3,0.0013948221,True
mobilenetv2,3,0.00029757462,True
mobilenetv2,3,0.27881366,True
mobilenetv2,3,0.00096073595,True
mobilenetv2,3,0.017111726,True
mobilenetv2,3,0.0030044655,True
mobilenetv2,3,0.0015177979,True
mobilenetv2,3,0.016770922,True
mobilenetv2,3,0.0010705192,True
mobilenetv2,3,0.0068303905,True
mobilenetv2,3,0.00022570624,True
mobilenetv2,3,6.467257e-05,True
mobilenetv2,3,0.3285357,True
mobilenetv2,3,0.0015849529,True
mobilenetv2,3,0.00087364507,True
mobilenetv2,3,0.00039879887,True
mobilenetv2,3,3.407398e-06,True
mobilenetv2,3,0.00022016319,True
mobilenetv2,3,0.000677052,True
mobilenetv2,3,0.0025556867,True
mobilenetv2,3,2.1244036e-06,True
mobilenetv2,3,0.00095442054,True
mobilenetv2,3,0.009755398,True
mobilenetv2,3,0.051668167,True
mobilenetv2,3,0.07671162,True
mobilenetv2,3,0.00023729281,True
mobilenetv2,3,0.016301837,True
mobilenetv2,3,0.0082654245,True
mobilenetv2,3,7.058059e-05,True
mobilenetv2,3,0.0022112783,True
mobilenetv2,3,0.0009800937,True
mobilenetv2,3,0.012004952,True
mobilenetv2,3,0.00020837646,True
mobilenetv2,3,9.207602e-05,True
mobilenetv2,3,0.0025009068,True
mobilenetv2,3,0.0030517476,True
mobilenetv2,3,2.119342e-05,True
mobilenetv2,3,0.00016884485,True
mobilenetv2,3,0.00023616114,True
mobilenetv2,3,0.00018016888,True
mobilenetv2,3,0.00096204947,True
mobilenetv2,3,0.022910291,True
mobilenetv2,3,0.018687189,True
mobilenetv2,3,5.5900928e-06,True
mobilenetv2,3,0.0003667784,True
mobilenetv2,3,0.007099823,True
mobilenetv2,3,5.098104e-06,True
mobilenetv2,3,8.350269e-06,True
mobilenetv2,3,7.750885e-05,True
mobilenetv2,3,7.603827e-05,True
mobilenetv2,3,0.00044831983,True
mobilenetv2,3,9.9239194e-05,True
mobilenetv2,3,0.005683803,True
mobilenetv2,3,0.0008999775,True
mobilenetv2,3,0.0126948375,True
mobilenetv2,3,0.0004358323,True
mobilenetv2,3,0.0007156468,True
mobilenetv2,3,0.00029893024,True
mobilenetv2,3,0.00064217934,True
mobilenetv2,3,0.044642307,True
mobilenetv2,3,0.00024283973,True
mobilenetv2,3,0.029141404,True
mobilenetv2,3,0.009362907,True
mobilenetv2,3,0.00015518365,True
mobilenetv2,3,6.109724e-05,True
mobilenetv2,3,6.283412e-05,True
mobilenetv2,3,0.02136413,True
mobilenetv2,3,0.0004168591,True
mobilenetv2,3,0.0021553237,True
mobilenetv2,3,0.28466567,True
mobilenetv2,3,0.0001282572,True
mobilenetv2,3,4.6671503e-05,True
mobilenetv2,3,5.7715297e-06,True
mobilenetv2,3,0.044979665,True
mobilenetv2,3,0.00031045015,True
mobilenetv2,3,0.00039825705,True
mobilenetv2,3,0.00051157625,True
mobilenetv2,3,6.3064894e-05,True
mobilenetv2,3,0.0050751683,True
mobilenetv2,3,1.5663286e-06,True
mobilenetv2,3,0.0017438218,True
mobilenetv2,3,0.0065493183,True
mobilenetv2,3,7.1319937e-06,True
mobilenetv2,3,0.0001655995,True
mobilenetv2,3,0.046559766,True
mobilenetv2,3,0.0001975458,True
mobilenetv2,3,0.014358217,True
mobilenetv2,3,0.0008767226,True
mobilenetv2,3,0.0003755802,True
mobilenetv2,3,1.2732585e-05,True
mobilenetv2,3,0.0006793215,True
mobilenetv2,3,0.0088413395,True
mobilenetv2,3,6.468156e-05,True
mobilenetv2,3,0.003381426,True
mobilenetv2,3,0.0025664626,True
mobilenetv2,3,0.17398664,True
mobilenetv2,3,6.121671e-05,True
mobilenetv2,3,0.00074831396,True
mobilenetv2,3,0.0018704056,True
mobilenetv2,3,6.718908e-05,True
mobilenetv2,3,0.03726179,True
mobilenetv2,3,0.0037621304,True
mobilenetv2,3,0.00010600696,True
mobilenetv2,3,0.13800445,True
mobilenetv2,3,0.00031600223,True
mobilenetv2,3,0.0009445809,True
mobilenetv2,3,0.006009668,True
mobilenetv2,3,0.00019734056,True
mobilenetv2,3,0.0075092074,True
mobilenetv2,3,0.000564091,True
mobilenetv2,3,0.0014640383,True
mobilenetv2,3,2.5591818e-05,True
mobilenetv2,3,4.1809555e-05,True
mobilenetv2,3,0.0011681762,True
mobilenetv2,3,0.0013988079,True
mobilenetv2,3,0.0038885619,True
mobilenetv2,3,0.00012805691,True
mobilenetv2,3,0.000498289,True
mobilenetv2,3,0.011562341,True
mobilenetv2,3,0.0034320026,True
mobilenetv2,3,0.0027100677,True
mobilenetv2,3,0.00070700503,True
mobilenetv2,3,0.037974842,True
mobilenetv2,3,0.0025883017,True
mobilenetv2,3,0.0003228559,True
mobilenetv2,3,0.004972044,True
mobilenetv2,3,0.0004158965,True
mobilenetv2,3,0.0022843957,True
mobilenetv2,3,0.0018374125,True
mobilenetv2,3,0.000101391495,True
mobilenetv2,3,3.8646112e-06,True
mobilenetv2,3,0.00129727,True
mobilenetv2,3,1.8449138e-05,True
mobilenetv2,3,0.0004175769,True
mobilenetv2,3,6.3458987e-07,True
mobilenetv2,3,0.0012536012,True
mobilenetv2,3,0.000186855,True
mobilenetv2,3,0.0003239401,True
mobilenetv2,3,0.0030663563,True
mobilenetv2,3,0.0024345627,True
mobilenetv2,3,0.0036525682,True
mobilenetv2,3,0.0013238835,True
mobilenetv2,3,1.3031849e-05,True
mobilenetv2,3,0.6610149,False
mobilenetv2,3,0.00042728105,True
mobilenetv2,3,0.0011041985,True
mobilenetv2,3,0.009704862,True
mobilenetv2,3,0.001017398,True
mobilenetv2,3,3.5818306e-05,True
mobilenetv2,3,0.0063037993,True
mobilenetv2,3,4.6886253e-05,True
mobilenetv2,3,0.008767771,True
mobilenetv2,3,0.009478508,True
mobilenetv2,3,0.00038212969,True
mobilenetv2,3,0.00072746497,True
mobilenetv2,3,1.5609794e-05,True
mobilenetv2,3,0.0003755647,True
mobilenetv2,3,8.659701e-08,True
mobilenetv2,3,0.0008109106,True
mobilenetv2,3,0.0074317683,True
mobilenetv2,3,0.0029576146,True
mobilenetv2,3,0.0021929508,True
mobilenetv2,3,1.1617432e-05,True
mobilenetv2,3,1.9667514e-05,True
mobilenetv2,3,2.775722e-05,True
mobilenetv2,3,0.00076489226,True
mobilenetv2,3,0.00078344624,True
mobilenetv2,3,8.1035745e-05,True
mobilenetv2,3,0.00239195,True
mobilenetv2,3,0.00094131974,True
mobilenetv2,3,0.00045590507,True
mobilenetv2,3,0.0011667146,True
mobilenetv2,3,0.36029702,True
mobilenetv2,3,0.0043670014,True
mobilenetv2,3,0.00020118819,True
mobilenetv2,3,8.62028e-06,True
mobilenetv2,3,0.00020701996,True
mobilenetv2,3,0.0025136732,True
mobilenetv2,3,7.5368634e-06,True
mobilenetv2,3,0.0011671116,True
mobilenetv2,3,0.00043307806,True
mobilenetv2,3,0.008860039,True
mobilenetv2,3,0.00012036789,True
mobilenetv2,3,0.11928707,True
mobilenetv2,3,5.362442e-05,True
mobilenetv2,3,0.0013136367,True
mobilenetv2,3,0.00018019752,True
mobilenetv2,3,0.029953055,True
mobilenetv2,3,1.4880143e-05,True
mobilenetv2,3,0.0001291965,True
mobilenetv2,3,0.045225356,True
mobilenetv2,3,5.9653805e-05,True
mobilenetv2,3,0.0062940503,True
mobilenetv2,3,0.00030831358,True
mobilenetv2,3,0.0006232612,True
mobilenetv2,3,7.897166e-05,True
mobilenetv2,3,6.515756e-05,True
mobilenetv2,3,0.008279657,True
mobilenetv2,3,0.0058477,True
mobilenetv2,3,0.009286443,True
mobilenetv2,3,0.001463636,True
mobilenetv2,3,0.004494982,True
mobilenetv2,3,4.011385e-06,True
mobilenetv2,3,0.00019992315,True
mobilenetv2,3,0.00019698484,True
mobilenetv2,3,6.446017e-05,True
mobilenetv2,3,0.00097183225,True
mobilenetv2,3,0.6342372,True
mobilenetv2,3,0.00043065465,True
mobilenetv2,3,9.7013995e-05,True
mobilenetv2,3,3.979546e-05,True
mobilenetv2,3,0.010584037,True
mobilenetv2,3,0.0019608594,True
mobilenetv2,3,0.00013494267,True
mobilenetv2,3,0.008626744,True
mobilenetv2,3,0.021167314,True
mobilenetv2,3,8.036207e-06,True
mobilenetv2,3,0.008683974,True
mobilenetv2,3,0.00046520648,True
mobilenetv2,3,0.0016079638,True
mobilenetv2,3,0.0014984054,True
mobilenetv2,3,9.849301e-07,True
mobilenetv2,3,0.0019248648,True
mobilenetv2,3,0.0002212965,True
mobilenetv2,3,0.6734476,True
mobilenetv2,3,0.14167504,True
mobilenetv2,3,7.983677e-05,True
mobilenetv2,3,0.006432376,True
mobilenetv2,3,0.00013242627,True
mobilenetv2,3,0.00028744445,True
mobilenetv2,3,0.022172252,True
mobilenetv2,3,0.0011404604,True
mobilenetv2,3,0.01600807,True
mobilenetv2,3,0.049640812,True
mobilenetv2,3,0.014854937,True
mobilenetv2,3,0.0002285652,True
mobilenetv2,3,6.784666e-05,True
mobilenetv2,3,0.0043817414,True
mobilenetv2,3,0.0010504641,True
mobilenetv2,3,2.9567302e-05,True
mobilenetv2,3,0.103603944,True
mobilenetv2,3,0.00010282649,True
mobilenetv2,3,0.058864176,True
mobilenetv2,3,0.0020190498,True
mobilenetv2,3,0.002884463,True
mobilenetv2,3,0.0012818446,True
resnet50,0,0.55844367,False
resnet50,0,0.00045119136,True
resnet50,0,1.3795551e-06,True
resnet50,0,1.0135697,False
resnet50,0,1.1997557,False
resnet50,0,0.40547913,True
resnet50,0,0.66944885,True
resnet50,0,2.6482581e-07,True
resnet50,0,0.06256672,False
resnet50,0,0.0022189515,True
resnet50,0,0.6798605,False
resnet50,0,0.21187049,False
resnet50,0,0.01951672,True
resnet50,0,0.74906385,False
resnet50,0,2.7899281e-05,True
resnet50,0,0.48079932,True
resnet50,0,0.51747966,True
resnet50,0,0.0010514797,True
resnet50,0,1.0228213,False
resnet50,0,0.00058443355,True
resnet50,0,0.0006901538,True
resnet50,0,0.011612962,True
resnet50,0,0.49540156,True
resnet50,0,0.000453568,True
resnet50,0,0.21761149,True
resnet50,0,1.0721424,False
resnet50,0,2.871699e-05,True
resnet50,0,0.0011742455,True
resnet50,0,0.0025289436,True
resnet50,0,0.9149418,True
resnet50,0,0.72613806,False
resnet50,0,8.22618e-09,True
resnet50,0,0.1033533,True
resnet50,0,0.39085364,False
resnet50,0,0.007833699,True
resnet50,0,0.5227003,True
resnet50,0,0.5406894,True
resnet50,0,0.30537468,True
resnet50,0,0.725068,False
resnet50,0,0.030544497,True
resnet50,0,0.7018405,False
resnet50,0,0.12949048,True
resnet50,0,0.47882324,True
resnet50,0,0.4356015,True
resnet50,0,0.0002722432,True
resnet50,0,0.6152019,True
resnet50,0,1.0648975,False
resnet50,0,3.0827082e-06,True
resnet50,0,0.1342182,True
resnet50,0,1.0100896,False
resnet50,0,0.551508,False
resnet50,0,1.1059157e-05,True
resnet50,0,0.4636514,True
resnet50,0,0.012859327,True
resnet50,0,0.07705916,True
resnet50,0,0.55091506,True
resnet50,0,1.1482873,True
resnet50,0,5.576258e-05,True
resnet50,0,0.9861665,False
resnet50,0,0.0020219958,True
resnet50,0,0.32278007,True
resnet50,0,0.03497176,True
resnet50,0,0.0022112383,True
resnet50,0,0.0003152764,True
resnet50,0,0.12455763,True
resnet50,0,0.9500849,False
resnet50,0,0.949434,False
resnet50,0,1.129741,False
resnet50,0,0.47938287,False
resnet50,0,0.70464337,False
resnet50,0,0.0017000071,True
resnet50,0,0.00011173796,True
resnet50,0,0.04381625,True
resnet50,0,0.026441425,True
resnet50,0,1.1941568,True
resnet50,0,0.8432563,False
resnet50,0,0.00014930259,True
resnet50,0,1.0175295,False
resnet50,0,0.0052508786,True
resnet50,0,0.7799879,False
resnet50,0,0.37673447,False
resnet50,0,1.0226591,False
resnet50,0,2.1215242e-06,True
resnet50,0,0.008139746,True
resnet50,0,0.49863437,True
resnet50,0,0.15673047,True
resnet50,0,0.3472454,True
resnet50,0,0.8710363,False
resnet50,0,0.01712753,True
resnet50,0,0.4593354,True
resnet50,0,0.13424532,True
resnet50,0,0.6203231,True
resnet50,0,2.7643611e-05,True
resnet50,0,0.02598553,True
resnet50,0,0.08744564,True
resnet50,0,0.0007258941,True
resnet50,0,3.8684007e-05,True
resnet50,0,0.6307489,False
resnet50,0,1.2501339e-09,True
resnet50,0,0.82032794,False
resnet50,0,0.80907273,False
resnet50,0,0.74963367,True
resnet50,0,1.7108452e-05,True
resnet50,0,0.0011229459,True
resnet50,0,0.2764768,True
resnet50,0,0.685272,True
resnet50,0,0.41165215,True
resnet50,0,1.1127934,False
resnet50,0,0.20152526,True
resnet50,0,1.3677785e-08,True
resnet50,0,0.2805124,False
resnet50,0,0.14267075,True
resnet50,0,1.5554072e-07,True
resnet50,0,0.6326699,False
resnet50,0,0.00068769534,True
resnet50,0,1.0231296,False
resnet50,0,0.21740302,True
resnet50,0,0.6645136,False
resnet50,0,0.7884,False
resnet50,0,0.012117959,True
resnet50,0,8.4586645e-07,True
resnet50,0,0.029664276,True
resnet50,0,0.00035898216,True
resnet50,0,2.3676645e-09,True
resnet50,0,0.27686885,True
resnet50,0,0.93976015,False
resnet50,0,0.5254537,False
resnet50,0,0.97707385,False
resnet50,0,0.0021602488,True
resnet50,0,0.95232284,False
resnet50,0,6.293116e-06,True
resnet50,0,9.96224e-05,True
resnet50,0,0.7203044,False
resnet50,0,0.0035256268,True
resnet50,0,0.2868582,True
resnet50,0,0.016549936,True
resnet50,0,0.037431702,True
resnet50,0,0.010692252,True
resnet50,0,2.6250814e-07,True
resnet50,0,0.7331326,True
resnet50,0,0.0021830578,True
resnet50,0,0.097014844,True
resnet50,0,3.4451772e-05,True
resnet50,0,0.2852651,False
resnet50,0,0.7399998,False
resnet50,0,0.58668697,True
resnet50,0,0.83459496,False
resnet50,0,5.6526966e-05,True
resnet50,0,0.9253102,True
resnet50,0,0.00022428007,True
resnet50,0,0.0013124503,True
resnet50,0,0.0330929,True
resnet50,0,1.7611621e-06,True
resnet50,0,0.74883485,True
resnet50,0,1.0428593,False
resnet50,0,0.56680924,True
resnet50,0,5.4535328e-11,True
resnet50,0,8.66371e-10,True
resnet50,0,0.052328184,True
resnet50,0,4.0309405e-06,True
resnet50,0,8.888712e-07,True
resnet50,0,0.009876732,True
resnet50,0,0.014801941,True
resnet50,0,0.09901498,True
resnet50,0,0.7317282,True
resnet50,0,1.3690272e-05,True
resnet50,0,0.001341404,True
resnet50,0,0.39619237,True
resnet50,0,0.2996588,True
resnet50,0,1.0742242,False
resnet50,0,0.44640476,True
resnet50,0,0.030981965,True
resnet50,0,0.00021000228,True
resnet50,0,2.5558584e-06,True
resnet50,0,0.32517967,True
resnet50,0,0.7190975,True
resnet50,0,1.845283e-05,True
resnet50,0,0.70141023,False
resnet50,0,0.029714325,True
resnet50,0,2.4871974e-06,True
resnet50,0,0.0020049873,True
resnet50,0,0.01606488,True
resnet50,0,0.6108752,False
resnet50,0,0.26623172,False
resnet50,0,0.018766744,True
resnet50,0,0.012042873,True
resnet50,0,8.5775966e-08,True
resnet50,0,0.024864903,True
resnet50,0,0.02104546,True
resnet50,0,0.92292017,False
resnet50,0,0.25971398,True
resnet50,0,0.020529067,True
resnet50,0,0.7104248,False
resnet50,0,0.0010145619,True
resnet50,0,0.0002729484,True
resnet50,0,1.0868893,False
resnet50,0,0.16613486,True
resnet50,0,0.38075882,False
resnet50,0,1.3510815,True
resnet50,0,0.14958385,True
resnet50,0,0.8381281,True
resnet50,0,0.65190953,True
resnet50,0,1.4453628e-05,True
resnet50,0,0.13365021,True
resnet50,0,0.0008258879,True
resnet50,0,3.1199775e-06,True
resnet50,0,0.0363134,True
resnet50,0,1.9507946e-05,True
resnet50,0,0.7393613,True
resnet50,0,0.52143615,True
resnet50,0,0.0061698053,True
resnet50,0,0.14752316,True
resnet50,0,0.5770222,False
resnet50,0,9.618362e-07,True
resnet50,0,9.864882e-07,True
resnet50,0,0.93785,True
resnet50,0,1.2115772e-05,True
resnet50,0,1.2438157,False
resnet50,0,0.007969321,True
resnet50,0,0.000791788,True
resnet50,0,0.8247279,True
resnet50,0,3.2873242e-09,True
resnet50,0,0.24917962,True
resnet50,0,0.98086464,False
resnet50,0,2.5516549e-05,True
resnet50,0,0.00017564643,True
resnet50,0,2.8049587e-06,True
resnet50,0,0.3401127,False
resnet50,0,0.18324503,True
resnet50,0,0.51473844,True
resnet50,0,0.7661452,False
resnet50,0,0.00020216062,True
resnet50,0,0.10834055,True
resnet50,0,0.62152123,True
resnet50,0,0.6014502,True
resnet50,0,0.5697525,True
resnet50,0,3.1202484e-07,True
resnet50,0,0.00026628296,True
resnet50,0,0.958045,False
resnet50,0,1.2083563,False
resnet50,0,0.023875983,True
resnet50,0,3.9304676e-05,True
resnet50,0,1.1013104,True
resnet50,0,0.2162007,False
resnet50,0,0.10316425,True
resnet50,0,0.6316478,False
resnet50,0,0.00028034663,True
resnet50,0,0.7538748,True
resnet50,0,0.5976433,True
resnet50,0,0.9744263,False
resnet50,0,0.00028925054,True
resnet50,0,7.671624e-05,True
resnet50,0,3.235171e-06,True
resnet50,0,3.4472272e-05,True
resnet50,0,0.16814068,True
resnet50,0,0.0002879197,True
resnet50,0,9.114716e-05,True
resnet50,0,0.83210605,False
resnet50,0,0.012396549,True
resnet50,0,0.17372254,True
resnet50,0,0.0002255316,True
resnet50,0,4.6847134e-08,True
resnet50,0,0.43588394,False
resnet50,0,0.7259315,False
resnet50,0,0.7368144,True
resnet50,0,0.54481554,False
resnet50,0,0.013012953,True
resnet50,0,0.22028193,True
resnet50,0,0.0007169919,True
resnet50,0,0.0046521523,False
resnet50,0,0.008383677,True
resnet50,0,2.1510368e-06,True
resnet50,0,0.02512772,True
resnet50,0,0.00095783203,True
resnet50,0,0.109562755,True
resnet50,0,0.00086498447,True
resnet50,0,9.531851e-06,True
resnet50,0,0.66641784,False
resnet50,0,4.783444e-06,True
resnet50,0,0.029381199,False
resnet50,0,1.1288437,False
resnet50,0,7.4429554e-06,True
resnet50,0,0.4408283,True
resnet50,0,0.21959133,True
resnet50,0,8.561614e-07,True
resnet50,0,0.70334446,False
resnet50,0,0.0004114466,True
resnet50,0,0.42142087,False
resnet50,0,0.00041120412,True
resnet50,0,0.3070389,True
resnet50,0,1.3161895e-06,True
resnet50,0,7.875649e-06,True
resnet50,0,5.18664e-09,True
resnet50,0,0.72546816,True
resnet50,0,0.0041592377,True
resnet50,0,0.20061794,True
resnet50,0,0.9648578,False
resnet50,0,6.3145075e-05,True
resnet50,0,0.01263753,True
resnet50,0,0.9663706,False
resnet50,0,0.101219356,True
resnet50,0,3.916006e-05,True
resnet50,0,1.1443399,True
resnet50,0,0.15839872,False
resnet50,0,0.107246004,True
resnet50,0,0.056281805,True
resnet50,0,0.0032776385,True
resnet50,0,0.06381496,True
resnet50,0,1.0419693,True
resnet50,0,0.15025094,True
resnet50,0,0.27658394,True
resnet50,0,2.0310358e-07,True
resnet50,0,0.96803564,True
resnet50,0,0.008263639,True
resnet50,0,0.39751244,True
resnet50,0,0.00014951016,True
resnet50,0,0.046350744,True
resnet50,0,6.600454e-09,True
resnet50,0,0.004119735,True
resnet50,0,0.002595662,True
resnet50,0,0.22151491,True
resnet50,0,0.6408982,False
resnet50,0,0.46889132,False
resnet50,0,1.3497595e-06,True
resnet50,0,0.3579054,False
resnet50,0,1.6402855e-05,True
resnet50,0,6.0556835e-07,True
resnet50,0,0.6292634,False
resnet50,0,0.004352939,True
resnet50,0,5.5476576e-06,True
resnet50,0,1.8010334e-05,True
resnet50,0,2.7641815e-07,True
resnet50,0,0.48908395,True
resnet50,0,0.0097192,True
resnet50,0,0.0004131801,True
resnet50,0,0.39318398,True
resnet50,0,0.0007392908,True
resnet50,0,2.2993447e-05,True
resnet50,0,1.0188873,False
resnet50,0,0.00023934459,True
resnet50,0,0.3433088,True
resnet50,0,0.9163692,True
resnet50,0,1.029067,False
resnet50,0,0.28325906,True
resnet50,0,0.00013498314,True
resnet50,0,0.00016384335,True
resnet50,0,5.1196756e-05,True
resnet50,0,1.0671731,True
resnet50,0,3.4468936e-05,True
resnet50,0,1.1037488,False
resnet50,0,0.0046563046,True
resnet50,0,0.00020653314,True
resnet50,0,0.955228,False
resnet50,0,1.6633147e-07,True
resnet50,0,0.29200125,False
resnet50,0,0.5456434,False
resnet50,0,0.0032500024,True
resnet50,0,0.065498084,True
resnet50,0,0.12653193,True
resnet50,0,0.060868155,False
resnet50,0,0.003981257,True
resnet50,0,0.2972344,True
resnet50,0,0.17400694,True
resnet50,0,0.18558307,False
resnet50,0,0.7696797,True
resnet50,0,0.028682096,False
resnet50,0,0.004379679,True
resnet50,0,8.889996e-06,True
resnet50,0,0.45045558,False
resnet50,0,0.73145914,True
resnet50,0,1.0293516,False
resnet50,0,0.5410557,True
resnet50,0,0.02906741,False
resnet50,0,0.74242884,False
resnet50,0,0.9476869,False
resnet50,0,0.7478084,False
resnet50,0,0.7313328,False
resnet50,0,0.00022097121,True
resnet50,0,1.4875764e-07,True
resnet50,0,9.768457e-13,True
resnet50,0,5.822705e-06,True
resnet50,0,1.0201651,False
resnet50,0,0.026949741,True
resnet50,0,0.61048377,False
resnet50,0,0.021976715,True
resnet50,0,1.2294776,True
resnet50,0,0.9326489,True
resnet50,0,0.02699493,True
resnet50,0,0.6928133,True
resnet50,0,3.160248e-06,True
resnet50,0,5.293626e-07,True
resnet50,0,0.96434605,False
resnet50,0,0.00032265208,True
resnet50,0,0.4727242,True
resnet50,0,0.54098403,False
resnet50,0,0.16779763,True
resnet50,0,0.58666265,True
resnet50,0,0.004713719,False
resnet50,0,0.021066189,True
resnet50,0,1.4762577e-07,True
resnet50,1,0.107860535,True
resnet50,1,0.77069855,False
resnet50,1,0.31978673,True
resnet50,1,0.46588418,True
resnet50,1,0.51859635,False
resnet50,1,0.4723076,True
resnet50,1,0.43194532,True
resnet50,1,0.25180563,False
resnet50,1,0.9589162,True
resnet50,1,0.9445437,False
resnet50,1,0.2621471,True
resnet50,1,0.36665866,True
resnet50,1,0.43829143,False
resnet50,1,0.5068641,True
resnet50,1,1.0137235,True
resnet50,1,0.03051105,True
resnet50,1,0.42068654,True
resnet50,1,0.67492926,True
resnet50,1,0.5748082,True
resnet50,1,0.50516725,True
resnet50,1,1.1604416,True
resnet50,1,0.37284535,True
resnet50,1,1.2441447,False
resnet50,1,1.345814,True
resnet50,1,0.022331439,True
resnet50,1,0.76944304,True
resnet50,1,0.6360406,True
resnet50,1,0.64000875,True
resnet50,1,0.020374741,True
resnet50,1,0.08114032,True
resnet50,1,0.06252225,True
resnet50,1,0.29627103,True
resnet50,1,0.24427664,False
resnet50,1,0.7988188,True
resnet50,1,0.28715047,True
resnet50,1,0.9097314,True
resnet50,1,0.027280144,True
resnet50,1,0.47290903,True
resnet50,1,0.18978575,False
resnet50,1,0.31180722,True
resnet50,1,0.610993,True
resnet50,1,0.70194143,True
resnet50,1,0.66591275,True
resnet50,1,0.6590212,True
resnet50,1,0.7405638,True
resnet50,1,0.11609484,True
resnet50,1,0.6863275,False
resnet50,1,0.6543454,True
resnet50,1,0.5028129,True
resnet50,1,0.9174106,False
resnet50,1,0.01926289,True
resnet50,1,0.474981,True
resnet50,1,0.11430421,True
resnet50,1,1.1042913,True
resnet50,1,0.8001467,False
resnet50,1,1.094588,True
resnet50,1,0.6518197,True
resnet50,1,0.75845736,True
resnet50,1,0.40925965,True
resnet50,1,0.25961563,False
resnet50,1,0.7823497,True
resnet50,1,0.58645266,True
resnet50,1,0.49652198,True
resnet50,1,0.22421782,True
resnet50,1,0.54398495,True
resnet50,1,0.7271571,True
resnet50,1,0.739215,False
resnet50,1,0.32368448,True
resnet50,1,0.11054504,True
resnet50,1,0.38264322,True
resnet50,1,0.33363754,True
resnet50,1,0.6548085,True
resnet50,1,0.7103741,False
resnet50,1,0.67209154,True
resnet50,1,0.17458452,True
resnet50,1,0.060833525,True
resnet50,1,0.55504924,True
resnet50,1,0.087607406,True
resnet50,1,0.43425533,True
resnet50,1,0.9414443,True
resnet50,1,0.552358,True
resnet50,1,0.5288858,True
resnet50,1,0.21344322,True
resnet50,1,0.1358619,True
resnet50,1,0.26172847,True
resnet50,1,0.2437767,True
resnet50,1,0.25336796,True
resnet50,1,0.14871246,True
resnet50,1,0.10563061,True
resnet50,1,0.7887044,True
resnet50,1,0.41909516,True
resnet50,1,0.34692085,False
resnet50,1,0.61127436,False
resnet50,1,0.5694894,True
resnet50,1,0.5367735,True
resnet50,1,1.1624761,True
resnet50,1,0.71358097,True
resnet50,1,0.79510033,False
resnet50,1,1.056575,True
resnet50,1,0.2339088,True
resnet50,1,0.76880497,True
resnet50,1,0.37070742,True
resnet50,1,0.08818053,True
resnet50,1,0.6468442,True
resnet50,1,0.19844615,True
resnet50,1,0.021237409,False
resnet50,1,0.022041073,True
resnet50,1,0.16362046,True
resnet50,1,0.3167451,True
resnet50,1,0.6950245,True
resnet50,1,0.0018846462,True
resnet50,1,0.65130156,False
resnet50,1,0.29407984,True
resnet50,1,0.3570593,True
resnet50,1,0.28552055,True
resnet50,1,0.06564391,True
resnet50,1,0.2544898,True
resnet50,1,0.027452106,True
resnet50,1,0.011874528,True
resnet50,1,0.63210213,True
resnet50,1,0.44270378,False
resnet50,1,0.04183997,False
resnet50,1,0.11127186,True
resnet50,1,0.01738189,True
resnet50,1,0.07602641,True
resnet50,1,0.5420506,True
resnet50,1,0.58580095,False
resnet50,1,0.5082778,True
resnet50,1,0.19044644,True
resnet50,1,0.50277466,True
resnet50,1,0.43120474,True
resnet50,1,0.7597116,True
resnet50,1,0.068673566,True
resnet50,1,0.15572478,True
resnet50,1,0.6662761,True
resnet50,1,0.6868994,False
resnet50,1,0.54246813,True
resnet50,1,0.7808894,True
resnet50,1,0.13957131,False
resnet50,1,0.055011027,True
resnet50,1,0.24617386,True
resnet50,1,0.7809891,True
resnet50,1,0.11574969,True
resnet50,1,0.5632744,True
resnet50,1,0.5511169,False
resnet50,1,0.0003370815,True
resnet50,1,0.26367578,True
resnet50,1,0.026675897,True
resnet50,1,0.8542458,False
resnet50,1,0.33567697,True
resnet50,1,0.80691123,False
resnet50,1,0.07510246,True
resnet50,1,0.77359915,True
resnet50,1,0.7020564,True
resnet50,1,0.788538,False
resnet50,1,0.18970121,True
resnet50,1,0.7830954,True
resnet50,1,0.6880102,False
resnet50,1,0.000993737,True
resnet50,1,0.44867694,True
resnet50,1,0.6710882,True
resnet50,1,0.98368394,False
resnet50,1,0.042299062,True
resnet50,1,0.9647323,False
resnet50,1,0.70453715,True
resnet50,1,0.3155676,True
resnet50,1,0.010112811,True
resnet50,1,0.042634472,True
resnet50,1,8.3902356e-05,True
resnet50,1,0.63472104,True
resnet50,1,0.120501146,True
resnet50,1,0.42660162,True
resnet50,1,0.2473333,True
resnet50,1,0.0028902404,True
resnet50,1,0.6749998,True
resnet50,1,0.4125383,True
resnet50,1,0.5980031,True
resnet50,1,0.6578075,True
resnet50,1,0.14348137,True
resnet50,1,0.15827915,False
resnet50,1,0.04057139,False
resnet50,1,0.35489082,True
resnet50,1,0.21853898,False
resnet50,1,0.09675855,True
resnet50,1,0.1116751,True
resnet50,1,0.4005931,True
resnet50,1,0.07682925,True
resnet50,1,0.5212493,True
resnet50,1,0.012438686,True
resnet50,1,0.24860956,True
resnet50,1,0.44481707,False
resnet50,1,0.19232364,True
resnet50,1,0.006542733,True
resnet50,1,0.00056655065,True
resnet50,1,0.66214323,True
resnet50,1,0.7205215,True
resnet50,1,0.2024073,True
resnet50,1,0.82095444,True
resnet50,1,0.7047602,True
resnet50,1,1.0084285,False
resnet50,1,0.003173506,True
resnet50,1,0.86593926,True
resnet50,1,0.037986696,True
resnet50,1,0.36841702,True
resnet50,1,0.6682746,True
resnet50,1,0.6563568,True
resnet50,1,0.19753322,True
resnet50,1,0.49921653,True
resnet50,1,0.08970028,True
resnet50,1,0.5586723,True
resnet50,1,0.14932115,True
resnet50,1,0.5764398,True
resnet50,1,0.14374691,True
resnet50,1,0.023913205,True
resnet50,1,0.14181583,True
resnet50,1,0.049606875,True
resnet50,1,0.9420661,True
resnet50,1,0.6904129,False
resnet50,1,0.009722253,True
resnet50,1,0.1593981,True
resnet50,1,0.47177058,True
resnet50,1,0.6542578,True
resnet50,1,0.026397213,True
resnet50,1,0.21274742,True
resnet50,1,0.23371875,True
resnet50,1,0.575474,False
resnet50,1,0.22688824,True
resnet50,1,0.4388371,True
resnet50,1,0.23642743,True
resnet50,1,0.14560954,True
resnet50,1,0.00041546015,True
resnet50,1,0.0002859645,True
resnet50,1,0.050520953,True
resnet50,1,0.0011403132,True
resnet50,1,0.46529067,False
resnet50,1,0.02971913,True
resnet50,1,0.9322915,True
resnet50,1,0.20609504,True
resnet50,1,0.2971621,True
resnet50,1,0.4919338,True
resnet50,1,0.29847324,True
resnet50,1,0.83854413,True
resnet50,1,0.72139704,True
resnet50,1,0.72935176,True
resnet50,1,0.64387953,False
resnet50,1,1.2648673,False
resnet50,1,0.012587689,True
resnet50,1,0.022538563,True
resnet50,1,0.23738757,True
resnet50,1,0.11798108,True
resnet50,1,0.034352835,True
resnet50,1,0.0048557906,True
resnet50,1,0.65713954,True
resnet50,1,0.13659103,True
resnet50,1,0.056905705,True
resnet50,1,0.17072473,True
resnet50,1,0.7645774,True
resnet50,1,0.13103464,True
resnet50,1,0.6584579,True
resnet50,1,0.38783336,True
resnet50,1,0.19634856,False
resnet50,1,0.02578967,True
resnet50,1,0.5762749,True
resnet50,1,0.1743781,True
resnet50,1,0.63658774,True
resnet50,1,0.4152409,True
resnet50,1,0.14541507,True
resnet50,1,0.42003033,True
resnet50,1,0.6090983,True
resnet50,1,0.16766766,False
resnet50,1,0.019003805,True
resnet50,1,0.00587723,True
resnet50,1,0.31399402,True
resnet50,1,0.012365737,True
resnet50,1,0.042876378,True
resnet50,1,0.053263906,True
resnet50,1,0.7282963,True
resnet50,1,0.06465705,True
resnet50,1,0.64213616,True
resnet50,1,0.6576761,True
resnet50,1,1.0166003,False
resnet50,1,0.018202389,True
resnet50,1,0.11245525,True
resnet50,1,0.057207026,True
resnet50,1,0.0012043158,True
resnet50,1,0.003051924,True
resnet50,1,0.09548371,True
resnet50,1,0.090159655,True
resnet50,1,0.1732927,True
resnet50,1,0.51529276,True
resnet50,1,0.15687647,True
resnet50,1,0.28993872,True
resnet50,1,0.021551143,True
resnet50,1,0.17565054,True
resnet50,1,0.09940828,True
resnet50,1,0.002161272,True
resnet50,1,0.64663136,True
resnet50,1,0.08354186,True
resnet50,1,0.78974867,False
resnet50,1,0.40933466,True
resnet50,1,8.641847e-05,True
resnet50,1,0.00022437316,True
resnet50,1,0.81854624,True
resnet50,1,0.2418967,True
resnet50,1,0.28061467,True
resnet50,1,0.48152536,True
resnet50,1,0.3456672,True
resnet50,1,0.62139535,True
resnet50,1,0.19382164,True
resnet50,1,0.22938845,True
resnet50,1,0.5434095,True
resnet50,1,0.9535376,True
resnet50,1,0.41804716,True
resnet50,1,0.7659804,True
resnet50,1,0.059881262,True
resnet50,1,0.0050887167,True
resnet50,1,0.4306319,True
resnet50,1,0.14522518,False
resnet50,1,0.00067539874,True
resnet50,1,0.24017963,True
resnet50,1,0.56844324,True
resnet50,1,0.008706513,True
resnet50,1,0.26469368,True
resnet50,1,0.72323775,True
resnet50,1,0.9236721,True
resnet50,1,0.0054246597,False
resnet50,1,0.39395487,True
resnet50,1,0.28629428,True
resnet50,1,0.74543226,False
resnet50,1,0.053406134,True
resnet50,1,0.2849292,True
resnet50,1,0.6828755,False
resnet50,1,0.52910835,True
resnet50,1,0.078153215,True
resnet50,1,1.3026923,False
resnet50,1,0.16305822,True
resnet50,1,0.6995241,False
resnet50,1,0.00028263542,True
resnet50,1,0.8822581,True
resnet50,1,0.18305606,True
resnet50,1,0.79506695,True
resnet50,1,0.09886742,True
resnet50,1,0.60567003,False
resnet50,1,0.602952,True
resnet50,1,0.37648094,True
resnet50,1,0.70978355,True
resnet50,1,0.030897003,True
resnet50,1,0.30578125,True
resnet50,1,0.015191299,True
resnet50,1,0.2638035,True
resnet50,1,0.0063536707,True
resnet50,1,0.05494947,True
resnet50,1,0.6834366,True
resnet50,1,0.17974138,True
resnet50,1,0.03391033,True
resnet50,1,0.70431906,False
resnet50,1,0.03354282,True
resnet50,1,0.58390874,True
resnet50,1,0.22092666,True
resnet50,1,0.6176285,True
resnet50,1,0.37228,True
resnet50,1,0.6437719,True
resnet50,1,0.18378018,True
resnet50,1,0.29802898,True
resnet50,1,0.43078724,True
resnet50,1,0.6577507,True
resnet50,1,0.36025375,True
resnet50,1,0.62268305,False
resnet50,1,0.6042622,True
resnet50,1,0.00677638,True
resnet50,1,0.22812177,True
resnet50,1,0.08764072,True
resnet50,1,0.10971214,True
resnet50,1,0.024054585,True
resnet50,1,0.68831617,True
resnet50,1,0.59806454,True
resnet50,1,0.33062467,True
resnet50,1,0.6440427,True
resnet50,1,1.8108742e-05,True
resnet50,1,0.009837152,True
resnet50,1,0.43168214,True
resnet50,1,0.48876387,True
resnet50,1,0.011911817,True
resnet50,1,0.09453511,True
resnet50,1,0.8309971,False
resnet50,1,0.6771755,False
resnet50,1,0.37081727,True
resnet50,1,0.30037183,True
resnet50,1,0.124375775,True
resnet50,1,0.8531786,False
resnet50,1,0.31188965,True
resnet50,1,0.1803787,True
resnet50,1,0.28128225,False
resnet50,1,0.33856106,False
resnet50,1,0.0001774413,True
resnet50,1,0.4797334,True
resnet50,1,0.03540145,True
resnet50,1,0.6335472,True
resnet50,1,0.2556032,True
resnet50,1,0.10041647,True
resnet50,2,0.0045875832,True
resnet50,2,1.1153318e-06,True
resnet50,2,0.018243834,True
resnet50,2,0.06575252,True
resnet50,2,0.031901747,True
resnet50,2,0.00023345117,True
resnet50,2,0.02574144,True
resnet50,2,1.4873185e-05,True
resnet50,2,0.00065246236,True
resnet50,2,1.443532e-10,True
resnet50,2,0.009487495,True
resnet50,2,0.010766102,True
resnet50,2,9.3181725e-06,True
resnet50,2,0.05593485,True
resnet50,2,2.1187074e-05,True
resnet50,2,1.2263416e-07,True
resnet50,2,2.6828515e-08,True
resnet50,2,0.00058624684,True
resnet50,2,0.00036320876,True
resnet50,2,5.1120784e-05,True
resnet50,2,1.2195249e-05,True
resnet50,2,6.60502e-06,True
resnet50,2,5.962467e-05,True
resnet50,2,7.666928e-07,True
resnet50,2,0.006665688,True
resnet50,2,0.2849421,True
resnet50,2,0.012178149,True
resnet50,2,1.3430988e-06,True
resnet50,2,0.014185016,True
resnet50,2,3.5141802e-05,True
resnet50,2,4.6830737e-11,True
resnet50,2,3.7256432e-06,True
resnet50,2,6.5902223e-06,True
resnet50,2,0.005989044,True
resnet50,2,7.2744484e-12,True
resnet50,2,0.250995,True
resnet50,2,0.00016196822,True
resnet50,2,0.00043631857,True
resnet50,2,0.0010038132,True
resnet50,2,0.0017303043,True
resnet50,2,2.3375211e-11,True
resnet50,2,0.10983804,True
resnet50,2,2.4624811e-05,True
resnet50,2,0.011594772,True
resnet50,2,4.7752413e-10,True
resnet50,2,3.3853306e-05,True
resnet50,2,8.579726e-08,True
resnet50,2,2.9617116e-08,True
resnet50,2,1.6497135e-06,True
resnet50,2,0.0003032757,True
resnet50,2,0.0003182745,True
resnet50,2,8.2939785e-08,True
resnet50,2,0.0002647039,True
resnet50,2,0.0032212783,True
resnet50,2,0.00047556157,True
resnet50,2,0.22171342,True
resnet50,2,0.003755695,True
resnet50,2,0.65276355,True
resnet50,2,0.012708906,True
resnet50,2,7.331625e-06,True
resnet50,2,6.1292946e-12,True
resnet50,2,0.0005531947,True
resnet50,2,0.06980146,True
resnet50,2,0.00015657618,True
resnet50,2,0.00023422154,True
resnet50,2,0.00015323075,True
resnet50,2,0.62384045,True
resnet50,2,2.6539008e-06,True
resnet50,2,0.064754255,True
resnet50,2,0.00039491785,True
resnet50,2,6.0754874e-06,True
resnet50,2,6.400458e-09,True
resnet50,2,0.031630017,True
resnet50,2,2.1309922e-06,True
resnet50,2,0.0021376286,True
resnet50,2,0.2532634,True
resnet50,2,5.196422e-05,True
resnet50,2,0.0058913906,True
resnet50,2,4.5081256e-07,True
resnet50,2,5.4923103e-06,True
resnet50,2,2.8650021e-08,True
resnet50,2,0.0045401007,True
resnet50,2,4.954554e-05,True
resnet50,2,9.165135e-06,True
resnet50,2,5.886822e-06,True
resnet50,2,0.00031468802,True
resnet50,2,0.0005327655,True
resnet50,2,1.7346925e-05,True
resnet50,2,0.0025294821,True
resnet50,2,7.2728864e-05,True
resnet50,2,7.916275e-05,True
resnet50,2,0.000105313986,True
resnet50,2,8.4412226e-05,True
resnet50,2,0.05147342,True
resnet50,2,2.6665417e-05,True
resnet50,2,0.0017657867,True
resnet50,2,4.394157e-06,True
resnet50,2,0.008536153,True
resnet50,2,6.340847e-05,True
resnet50,2,4.4990386e-05,True
resnet50,2,7.4314453e-06,True
resnet50,2,0.0058546695,True
resnet50,2,0.00019355353,True
resnet50,2,3.5266068e-05,True
resnet50,2,0.15485956,True
resnet50,2,0.0003074092,True
resnet50,2,0.0011991127,True
resnet50,2,0.028220458,True
resnet50,2,0.00034151494,True
resnet50,2,0.0001023734,True
resnet50,2,0.015301264,True
resnet50,2,1.764303e-05,True
resnet50,2,6.437782e-07,True
resnet50,2,0.0006930315,True
resnet50,2,1.782336e-05,True
resnet50,2,1.8031322e-08,True
resnet50,2,0.015407715,True
resnet50,2,1.0907416e-08,True
resnet50,2,2.816099e-07,True
resnet50,2,0.034801356,True
resnet50,2,1.1901603e-09,True
resnet50,2,0.00019580069,True
resnet50,2,5.095246e-10,True
resnet50,2,0.016664712,True
resnet50,2,0.00433402,True
resnet50,2,0.00027531784,True
resnet50,2,0.0038040758,True
resnet50,2,0.10435353,True
resnet50,2,4.565321e-05,True
resnet50,2,0.00030177832,True
resnet50,2,1.3483158e-07,True
resnet50,2,0.23921157,True
resnet50,2,7.0644e-07,True
resnet50,2,0.021913838,True
resnet50,2,8.494953e-14,True
resnet50,2,0.3801424,True
resnet50,2,7.1431344e-08,True
resnet50,2,0.023376506,True
resnet50,2,5.2961427e-06,True
resnet50,2,0.019731227,True
resnet50,2,1.731223e-05,True
resnet50,2,0.0028815803,True
resnet50,2,3.6356578e-05,True
resnet50,2,0.00010414945,True
resnet50,2,0.27641806,True
resnet50,2,2.381972e-07,True
resnet50,2,1.2119129e-05,True
resnet50,2,7.7778506e-13,True
resnet50,2,7.7960916e-10,True
resnet50,2,2.6539103e-06,True
resnet50,2,0.0002899791,True
resnet50,2,2.4218814e-06,True
resnet50,2,7.9035875e-05,True
resnet50,2,1.8648095e-08,True
resnet50,2,0.16369934,True
resnet50,2,0.0020824566,True
resnet50,2,0.04888791,True
resnet50,2,1.519988e-06,True
resnet50,2,3.2025866e-07,True
resnet50,2,7.236393e-08,True
resnet50,2,2.4459327e-05,True
resnet50,2,0.0010547534,True
resnet50,2,2.0222991e-05,True
resnet50,2,6.3208084e-08,True
resnet50,2,4.2683888e-07,True
resnet50,2,0.0077287704,True
resnet50,2,7.489393e-09,True
resnet50,2,4.430268e-06,True
resnet50,2,1.3947811e-06,True
resnet50,2,5.2689373e-17,True
resnet50,2,0.0006063198,True
resnet50,2,0.35474393,True
resnet50,2,0.0007385341,True
resnet50,2,8.110626e-06,True
resnet50,2,1.1018111e-05,True
resnet50,2,0.00016221282,True
resnet50,2,6.737272e-11,True
resnet50,2,5.4370966e-09,True
resnet50,2,0.0011788849,True
resnet50,2,1.7829714e-07,True
resnet50,2,1.2716991e-13,True
resnet50,2,4.0188137e-08,True
resnet50,2,9.470098e-08,True
resnet50,2,3.1146396e-07,True
resnet50,2,0.37037942,True
resnet50,2,4.3381954e-11,True
resnet50,2,0.21602583,True
resnet50,2,0.038530823,True
resnet50,2,0.0005159692,True
resnet50,2,0.027234444,True
resnet50,2,1.8200038e-07,True
resnet50,2,2.4647418e-08,True
resnet50,2,0.0026994403,True
resnet50,2,4.6641885e-06,True
resnet50,2,0.0074848877,True
resnet50,2,3.1753727e-06,True
resnet50,2,2.73455e-08,True
resnet50,2,5.2718324e-08,True
resnet50,2,1.1459395e-09,True
resnet50,2,0.0024595705,True
resnet50,2,0.010854611,True
resnet50,2,0.00022599832,True
resnet50,2,0.0005937329,True
resnet50,2,2.6257512e-06,True
resnet50,2,6.2938146e-14,True
resnet50,2,4.8215854e-09,True
resnet50,2,2.1779344e-06,True
resnet50,2,5.033128e-05,True
resnet50,2,3.643798e-07,True
resnet50,2,2.1373394e-06,True
resnet50,2,0.0016983656,True
resnet50,2,0.8271307,True
resnet50,2,2.3715392e-08,True
resnet50,2,0.0006871721,True
resnet50,2,1.5582347e-07,True
resnet50,2,0.009983417,True
resnet50,2,0.00069387467,True
resnet50,2,0.028772801,True
resnet50,2,7.944416e-08,True
resnet50,2,3.33613e-05,True
resnet50,2,0.016693877,True
resnet50,2,0.0021931601,True
resnet50,2,7.836061e-10,True
resnet50,2,0.004628709,True
resnet50,2,0.039996468,True
resnet50,2,1.5018649e-06,True
resnet50,2,0.032409355,True
resnet50,2,0.009382651,True
resnet50,2,0.00927891,True
resnet50,2,9.75458e-06,True
resnet50,2,0.04226757,True
resnet50,2,0.00048372315,True
resnet50,2,9.283903e-06,True
resnet50,2,5.181889e-05,True
resnet50,2,0.12935883,True
resnet50,2,0.00027037252,True
resnet50,2,0.0040491386,True
resnet50,2,0.000346823,True
resnet50,2,0.00055212545,True
resnet50,2,0.002990468,True
resnet50,2,0.30929154,True
resnet50,2,6.928077e-07,True
resnet50,2,2.0280557e-05,True
resnet50,2,7.3745325e-09,True
resnet50,2,0.0007475797,True
resnet50,2,0.091685295,True
resnet50,2,8.6848587e-07,True
resnet50,2,5.9120168e-05,True
resnet50,2,1.7583683e-05,True
resnet50,2,1.1512823e-08,True
resnet50,2,0.28632346,True
resnet50,2,0.010134949,True
resnet50,2,2.7218623e-09,True
resnet50,2,0.029152075,True
resnet50,2,3.6491627e-05,True
resnet50,2,0.025595717,True
resnet50,2,1.1737393e-10,True
resnet50,2,0.057860155,True
resnet50,2,1.0643934e-11,True
resnet50,2,1.5392482e-08,True
resnet50,2,0.0065363874,True
resnet50,2,1.1195806e-15,True
resnet50,2,4.2616667e-13,True
resnet50,2,0.0037534558,True
resnet50,2,0.070756294,True
resnet50,2,2.1807901e-10,True
resnet50,2,1.0962176e-12,True
resnet50,2,5.029346e-05,True
resnet50,2,5.8046805e-07,True
resnet50,2,2.5488361e-12,True
resnet50,2,0.024648823,True
resnet50,2,5.966109e-06,True
resnet50,2,2.2562088e-05,True
resnet50,2,0.0005830944,True
resnet50,2,1.5685711e-06,True
resnet50,2,0.34003812,True
resnet50,2,0.0006265952,True
resnet50,2,0.07187786,True
resnet50,2,1.7109568e-07,True
resnet50,2,0.0003644614,True
resnet50,2,7.9649105e-09,True
resnet50,2,0.8922937,True
resnet50,2,0.00082921283,True
resnet50,2,0.0019431406,True
resnet50,2,4.3826596e-09,True
resnet50,2,0.00037469197,True
resnet50,2,0.0003079224,True
resnet50,2,1.3592208e-06,True
resnet50,2,3.3022476e-05,True
resnet50,2,0.0010565218,True
resnet50,2,4.114039e-06,True
resnet50,2,1.8632574e-06,True
resnet50,2,0.011224165,True
resnet50,2,0.003049836,True
resnet50,2,2.1032765e-05,True
resnet50,2,0.12865272,True
resnet50,2,0.00042993313,True
resnet50,2,1.0108622e-07,True
resnet50,2,1.3335779e-05,True
resnet50,2,1.1870943e-09,True
resnet50,2,0.015408136,True
resnet50,2,0.0063478015,True
resnet50,2,5.6929202e-05,True
resnet50,2,1.5411283e-10,True
resnet50,2,9.712968e-09,True
resnet50,2,0.03588669,True
resnet50,2,1.0753962e-10,True
resnet50,2,0.00038016745,True
resnet50,2,2.0700893e-06,True
resnet50,2,5.5064163e-07,True
resnet50,2,2.3153447e-07,True
resnet50,2,0.7614516,True
resnet50,2,3.2779996e-09,True
resnet50,2,0.0012631671,True
resnet50,2,5.208735e-08,True
resnet50,2,7.201578e-05,True
resnet50,2,3.1813736e-06,True
resnet50,2,1.4663797e-08,True
resnet50,2,0.05207664,True
resnet50,2,6.07095e-05,True
resnet50,2,5.963667e-09,True
resnet50,2,2.1414298e-06,True
resnet50,2,0.00034907862,True
resnet50,2,0.0044558835,True
resnet50,2,2.8230543e-10,True
resnet50,2,8.445124e-18,True
resnet50,2,0.0010128006,True
resnet50,2,7.029682e-05,True
resnet50,2,0.00595552,True
resnet50,2,0.11030721,True
resnet50,2,9.754235e-07,True
resnet50,2,5.6165125e-05,True
resnet50,2,2.139459e-06,True
resnet50,2,1.7174777e-06,True
resnet50,2,2.2943482e-06,True
resnet50,2,4.227697e-05,True
resnet50,2,1.7831462e-07,True
resnet50,2,4.5459352e-08,True
resnet50,2,3.6160476e-05,True
resnet50,2,2.9223114e-07,True
resnet50,2,1.6418595e-05,True
resnet50,2,5.156326e-07,True
resnet50,2,3.2605356e-05,True
resnet50,2,9.748007e-05,True
resnet50,2,0.059881784,True
resnet50,2,1.5081763e-08,True
resnet50,2,5.0906004e-07,True
resnet50,2,0.00013041939,True
resnet50,2,0.0047475714,True
resnet50,2,2.0423442e-05,True
resnet50,2,0.00019421299,True
resnet50,2,0.00018549847,True
resnet50,2,5.906331e-06,True
resnet50,2,2.2137467e-06,True
resnet50,2,0.02309704,True
resnet50,2,5.9958318e-05,True
resnet50,2,1.1148376e-07,True
resnet50,2,0.00044914498,True
resnet50,2,2.7355923e-06,True
resnet50,2,1.5388203e-10,True
resnet50,2,0.00015522237,True
resnet50,2,0.0054973927,True
resnet50,2,7.6796365e-05,True
resnet50,2,0.03786121,True
resnet50,2,0.016831532,True
resnet50,2,1.3517171e-09,True
resnet50,2,0.00027541496,True
resnet50,2,0.0002244996,True
resnet50,2,3.0638437e-12,True
resnet50,2,0.06777215,True
resnet50,2,8.4035964e-05,True
resnet50,2,0.0461074,True
resnet50,2,1.3452121e-06,True
resnet50,2,1.7787407e-07,True
resnet50,2,0.009351839,True
resnet50,2,0.06674125,True
resnet50,2,0.0032895973,True
resnet50,2,0.0003527734,True
resnet50,2,2.3108726e-06,True
resnet50,2,3.9846807e-05,True
resnet50,2,2.5963586e-06,True
resnet50,2,1.0413513e-06,True
resnet50,2,0.0013775203,True
resnet50,2,8.283259e-10,True
resnet50,2,2.2147347e-05,True
resnet50,2,0.026759323,True
resnet50,2,4.1327053e-09,True
resnet50,2,9.150755e-08,True
resnet50,2,0.0035415068,True
resnet50,2,0.026256721,True
resnet50,2,7.2763532e-06,True
resnet50,2,0.0005072045,True
resnet50,2,0.9921249,True
resnet50,2,1.3521119e-10,True
resnet50,2,0.023150602,True
resnet50,2,6.308543e-07,True
resnet50,2,0.21343207,True
resnet50,2,1.389347e-09,True
resnet50,2,4.025596e-08,True
resnet50,2,0.07652511,True
resnet50,3,2.8750435e-06,True
resnet50,3,0.005396626,True
resnet50,3,0.00124155,True
resnet50,3,4.8715265e-05,True
resnet50,3,0.010392118,True
resnet50,3,0.0032307655,True
resnet50,3,0.0038469431,True
resnet50,3,0.13036054,True
resnet50,3,0.000108103624,True
resnet50,3,0.0014504025,True
resnet50,3,0.00172004,True
resnet50,3,0.13482329,True
resnet50,3,0.0040704445,True
resnet50,3,0.004461555,True
resnet50,3,0.0077322666,True
resnet50,3,0.0005585361,True
resnet50,3,0.008048672,True
resnet50,3,0.027277693,True
resnet50,3,0.014318424,True
resnet50,3,0.0516709,True
resnet50,3,0.020909958,True
resnet50,3,0.0005530816,True
resnet50,3,0.29104757,True
resnet50,3,0.000118570286,True
resnet50,3,0.0077472907,True
resnet50,3,0.0003993015,True
resnet50,3,0.07065426,True
resnet50,3,4.848383e-06,True
resnet50,3,0.013876487,True
resnet50,3,1.9394658e-05,True
resnet50,3,0.0058037704,True
resnet50,3,0.0016427275,True
resnet50,3,0.003036651,True
resnet50,3,0.00029982274,True
resnet50,3,0.0012158634,True
resnet50,3,0.00027276456,True
resnet50,3,0.00019002188,True
resnet50,3,0.0034261146,True
resnet50,3,0.003917603,True
resnet50,3,0.6125902,True
resnet50,3,0.014293513,True
resnet50,3,0.0040615303,True
resnet50,3,0.0003582935,True
resnet50,3,7.17797e-05,True
resnet50,3,0.004081346,True
resnet50,3,0.00047247362,True
resnet50,3,0.017442433,True
resnet50,3,0.0029024088,True
resnet50,3,0.010640243,True
resnet50,3,0.012625735,True
resnet50,3,0.07391877,True
resnet50,3,0.0014858306,True
resnet50,3,9.861188e-07,True
resnet50,3,6.7385067e-06,True
resnet50,3,0.0009034475,True
resnet50,3,0.06786229,True
resnet50,3,6.487089e-06,True
resnet50,3,0.00025767644,True
resnet50,3,0.017009728,True
resnet50,3,0.00025248047,True
resnet50,3,8.4133106e-05,True
resnet50,3,0.008668667,True
resnet50,3,2.194514e-05,True
resnet50,3,0.015398864,True
resnet50,3,0.014684727,True
resnet50,3,0.009325913,True
resnet50,3,0.0029302472,True
resnet50,3,0.07304162,True
resnet50,3,0.0024834236,True
resnet50,3,0.00065895583,True
resnet50,3,1.6822709e-05,True
resnet50,3,0.02056978,True
resnet50,3,0.0018971906,True
resnet50,3,0.006857347,True
resnet50,3,0.005075359,True
resnet50,3,0.001142158,True
resnet50,3,0.014116941,True
resnet50,3,0.00055464474,True
resnet50,3,1.1432442e-05,True
resnet50,3,0.023466617,True
resnet50,3,0.021184957,True
resnet50,3,2.6093383e-05,True
resnet50,3,0.06676674,True
resnet50,3,0.0034059028,True
resnet50,3,0.009019844,True
resnet50,3,0.1783177,True
resnet50,3,0.0017582207,True
resnet50,3,0.001091147,True
resnet50,3,4.3108386e-05,True
resnet50,3,0.00012766005,True
resnet50,3,0.01269699,True
resnet50,3,0.00047599594,True
resnet50,3,1.6106733e-05,True
resnet50,3,0.0037622608,True
resnet50,3,0.0044028284,True
resnet50,3,0.0014873658,True
resnet50,3,0.015097213,True
resnet50,3,0.0010253894,True
resnet50,3,0.04574283,True
resnet50,3,0.0028633887,True
resnet50,3,5.833477e-05,True
resnet50,3,0.00013893106,True
resnet50,3,0.13233556,True
resnet50,3,0.00018550915,True
resnet50,3,1.8322412e-06,True
resnet50,3,0.0040392075,True
resnet50,3,0.03304233,True
resnet50,3,0.034191795,True
resnet50,3,0.0018684224,True
resnet50,3,0.0030519615,True
resnet50,3,0.0004937208,True
resnet50,3,0.51011205,True
resnet50,3,0.10069695,True
resnet50,3,0.00017851774,True
resnet50,3,0.00031956012,True
resnet50,3,0.0009615007,True
resnet50,3,0.006249035,True
resnet50,3,0.001741947,True
resnet50,3,6.2272056e-07,True
resnet50,3,0.018444166,True
resnet50,3,0.0003476222,True
resnet50,3,0.0005262868,True
resnet50,3,0.29262304,True
resnet50,3,0.028089423,True
resnet50,3,0.0060978257,True
resnet50,3,1.2524834e-05,True
resnet50,3,0.023236843,True
resnet50,3,0.0017107195,True
resnet50,3,0.008487836,True
resnet50,3,0.02117238,True
resnet50,3,0.0077342554,True
resnet50,3,0.011182108,True
resnet50,3,0.072270095,True
resnet50,3,0.5893582,True
resnet50,3,0.04975035,True
resnet50,3,0.0010447509,True
resnet50,3,0.008434806,True
resnet50,3,1.8144892e-05,True
resnet50,3,4.4433837e-06,True
resnet50,3,0.020586908,True
resnet50,3,0.018034114,True
resnet50,3,0.002538873,True
resnet50,3,0.12874857,True
resnet50,3,0.00015645074,True
resnet50,3,1.9080264e-06,True
resnet50,3,1.0741389e-05,True
resnet50,3,0.0009908522,True
resnet50,3,0.0005437374,True
resnet50,3,0.00021693888,True
resnet50,3,0.0002294487,True
resnet50,3,0.00043303962,True
resnet50,3,0.22425729,True
resnet50,3,0.0004527825,True
resnet50,3,0.03582762,True
resnet50,3,0.0028273838,True
resnet50,3,0.013379353,True
resnet50,3,0.0064013773,True
resnet50,3,0.008224211,True
resnet50,3,0.093718104,True
resnet50,3,9.1428315e-05,True
resnet50,3,0.012690708,True
resnet50,3,0.0042644343,True
resnet50,3,0.00019018963,True
resnet50,3,1.5618492e-05,True
resnet50,3,0.00016532406,True
resnet50,3,0.00036721965,True
resnet50,3,0.10018672,True
resnet50,3,0.0074307728,True
resnet50,3,0.0016562311,True
resnet50,3,0.0028374225,True
resnet50,3,2.8528186e-05,True
resnet50,3,0.0040888167,True
resnet50,3,0.005172695,True
resnet50,3,0.0005677559,True
resnet50,3,2.3878194e-06,True
resnet50,3,0.031518877,True
resnet50,3,0.0074331313,True
resnet50,3,0.05052056,True
resnet50,3,0.038221378,True
resnet50,3,0.0028071671,True
resnet50,3,0.016663725,True
resnet50,3,0.18369597,True
resnet50,3,0.00010871567,True
resnet50,3,0.07642654,True
resnet50,3,0.007799922,True
resnet50,3,0.009872819,True
resnet50,3,0.01189903,True
resnet50,3,0.026923705,True
resnet50,3,0.005715248,True
resnet50,3,0.17378226,True
resnet50,3,0.00018384233,True
resnet50,3,0.00017122299,True
resnet50,3,0.00039456403,True
resnet50,3,0.009273658,True
resnet50,3,0.0006790625,True
resnet50,3,0.14799707,True
resnet50,3,0.0012919572,True
resnet50,3,0.00030532794,True
resnet50,3,0.07624258,True
resnet50,3,0.004802848,True
resnet50,3,0.0002799973,True
resnet50,3,1.4434598e-05,True
resnet50,3,0.0012662583,True
resnet50,3,0.0022044582,True
resnet50,3,0.00010854886,True
resnet50,3,2.6600208e-05,True
resnet50,3,0.00045727042,True
resnet50,3,0.017770255,True
resnet50,3,0.004626951,True
resnet50,3,0.0012922911,True
resnet50,3,0.00019085816,True
resnet50,3,0.0002498168,True
resnet50,3,0.021577956,True
resnet50,3,0.19546056,True
resnet50,3,0.0004357836,True
resnet50,3,0.011691976,True
resnet50,3,0.00077492645,True
resnet50,3,0.00044915773,True
resnet50,3,0.0015908375,True
resnet50,3,8.8306355e-05,True
resnet50,3,1.0064609e-05,True
resnet50,3,0.0034864142,True
resnet50,3,0.0017589433,True
resnet50,3,0.04029723,True
resnet50,3,5.4727047e-05,True
resnet50,3,0.0011193192,True
resnet50,3,1.6305086e-05,True
resnet50,3,0.16938733,True
resnet50,3,0.0015482695,True
resnet50,3,0.020227255,True
resnet50,3,0.0024587468,True
resnet50,3,0.0022874754,True
resnet50,3,0.0010770481,True
resnet50,3,0.00017313495,True
resnet50,3,0.006952039,True
resnet50,3,0.00021774306,True
resnet50,3,0.024083387,True
resnet50,3,0.0010086197,True
resnet50,3,1.2218723e-05,True
resnet50,3,0.051716864,True
resnet50,3,0.04902836,True
resnet50,3,0.017226268,True
resnet50,3,0.00023830548,True
resnet50,3,0.00032114176,True
resnet50,3,0.00030294617,True
resnet50,3,0.13509196,True
resnet50,3,0.007970446,True
resnet50,3,0.007694005,True
resnet50,3,0.013597015,True
resnet50,3,0.5208764,True
resnet50,3,0.0015248532,True
resnet50,3,0.022537839,True
resnet50,3,0.008867336,True
resnet50,3,0.00087549695,True
resnet50,3,0.032051586,True
resnet50,3,0.0011264146,True
resnet50,3,0.014768119,True
resnet50,3,0.00017339927,True
resnet50,3,0.016825225,True
resnet50,3,0.00016217047,True
resnet50,3,0.025302542,True
resnet50,3,0.0013640539,True
resnet50,3,0.0062415637,True
resnet50,3,0.0025642687,True
resnet50,3,0.01771567,True
resnet50,3,0.0074118767,True
resnet50,3,5.005579e-06,True
resnet50,3,8.443588e-05,True
resnet50,3,0.010701142,True
resnet50,3,0.006076166,True
resnet50,3,0.00018641469,True
resnet50,3,0.009389874,True
resnet50,3,9.263681e-05,True
resnet50,3,0.021099634,True
resnet50,3,0.17789936,True
resnet50,3,0.006068007,True
resnet50,3,0.0587843,True
resnet50,3,0.008694022,True
resnet50,3,0.023863716,True
resnet50,3,0.00017557983,True
resnet50,3,0.019657847,True
resnet50,3,0.03748877,True
resnet50,3,0.00056735706,True
resnet50,3,0.0002671491,True
resnet50,3,2.9234977e-06,True
resnet50,3,0.035907168,True
resnet50,3,0.007930266,True
resnet50,3,9.223608e-06,True
resnet50,3,1.5610855e-06,True
resnet50,3,0.0037714033,True
resnet50,3,2.5754593e-05,True
resnet50,3,0.016777273,True
resnet50,3,0.0054112095,True
resnet50,3,0.2664661,True
resnet50,3,3.228256e-05,True
resnet50,3,0.0092564095,True
resnet50,3,0.0002614446,True
resnet50,3,0.249537,True
resnet50,3,0.0011443244,True
resnet50,3,0.0039165723,True
resnet50,3,0.003005441,True
resnet50,3,0.0028511388,True
resnet50,3,0.00025645457,True
resnet50,3,8.308176e-05,True
resnet50,3,4.9685586e-05,True
resnet50,3,0.003606457,True
resnet50,3,0.0019861227,True
resnet50,3,3.3078642e-05,True
resnet50,3,0.003262262,True
resnet50,3,0.013320268,True
resnet50,3,0.0029324668,True
resnet50,3,1.5785135e-06,True
resnet50,3,0.002508362,True
resnet50,3,0.004000142,True
resnet50,3,0.0026300768,True
resnet50,3,0.114454605,True
resnet50,3,0.002504032,True
resnet50,3,0.0018779304,True
resnet50,3,0.00016164467,True
resnet50,3,0.0036892986,True
resnet50,3,0.048759885,True
resnet50,3,0.071099535,True
resnet50,3,0.00076267263,True
resnet50,3,0.0023762418,True
resnet50,3,0.0006569327,True
resnet50,3,0.00080236397,True
resnet50,3,0.010320667,True
resnet50,3,0.025801022,True
resnet50,3,0.005005003,True
resnet50,3,1.4912666e-05,True
resnet50,3,0.004778666,True
resnet50,3,1.7110327e-05,True
resnet50,3,0.00010013064,True
resnet50,3,0.020395884,True
resnet50,3,0.044268277,True
resnet50,3,0.012670476,True
resnet50,3,0.005133939,True
resnet50,3,0.1279218,True
resnet50,3,0.0002875311,True
resnet50,3,8.3765946e-05,True
resnet50,3,0.08984492,True
resnet50,3,0.013475456,True
resnet50,3,0.0002932771,True
resnet50,3,0.0010285627,True
resnet50,3,0.06283443,True
resnet50,3,0.0026798225,True
resnet50,3,0.04933347,True
resnet50,3,0.0012122754,True
resnet50,3,0.0014843425,True
resnet50,3,0.0040510003,True
resnet50,3,0.00013272396,True
resnet50,3,0.009891036,True
resnet50,3,0.029207185,True
resnet50,3,0.0019728334,True
resnet50,3,0.017129684,True
resnet50,3,0.04419509,True
resnet50,3,3.2289245e-05,True
resnet50,3,0.032699283,True
resnet50,3,0.00069755595,True
resnet50,3,0.0027049356,True
resnet50,3,0.006753549,True
resnet50,3,0.22885516,True
resnet50,3,0.002617631,True
resnet50,3,0.0056765336,True
resnet50,3,0.00023221818,True
resnet50,3,0.031802706,True
resnet50,3,0.0001674095,True
resnet50,3,0.002763768,True
resnet50,3,0.011645205,True
resnet50,3,0.026853912,True
resnet50,3,7.878275e-06,True
resnet50,3,0.22659898,True
resnet50,3,0.00018392004,True
resnet50,3,0.0011597269,True
resnet50,3,0.0013499967,True
resnet50,3,3.2230216e-07,True
resnet50,3,0.14707683,True
resnet50,3,0.0099809505,True
resnet50,3,0.7856928,True
resnet50,3,0.046237536,True
resnet50,3,0.0042081154,True
resnet50,3,0.023414912,True
resnet50,3,0.0030767266,True
resnet50,3,0.0030670948,True
resnet50,3,0.12963086,True
resnet50,3,0.0039040332,True
resnet50,3,0.0067810128,True
resnet50,3,0.0029165647,True
resnet50,3,0.00020000312,True
resnet50,3,1.1372207e-05,True
resnet50,3,0.002825152,True
resnet50,3,0.1912699,True
resnet50,3,0.059143633,True
resnet50,3,0.0107421335,True
resnet50,3,0.14746976,True
resnet50,3,0.00037614824,True
resnet50,3,0.11280235,True
resnet50,3,0.000325357,True
resnet50,3,0.0036527803,True
resnet50,3,0.019734878,True
efficientnetb0,0,0.6727973,False
efficientnetb0,0,0.15670876,True
efficientnetb0,0,0.03769887,True
efficientnetb0,0,0.95678794,True
efficientnetb0,0,0.8623868,True
efficientnetb0,0,0.2892408,True
efficientnetb0,0,0.61593413,True
efficientnetb0,0,0.009933032,True
efficientnetb0,0,0.24871041,False
efficientnetb0,0,0.34988308,True
efficientnetb0,0,0.056178607,True
efficientnetb0,0,0.17865787,False
efficientnetb0,0,0.03463878,True
efficientnetb0,0,0.3206856,True
efficientnetb0,0,0.008486652,True
efficientnetb0,0,0.016745223,True
efficientnetb0,0,0.02299532,True
efficientnetb0,0,0.0016427673,True
efficientnetb0,0,0.9947509,True
efficientnetb0,0,0.2884543,True
efficientnetb0,0,3.0561856e-05,True
efficientnetb0,0,0.016101055,True
efficientnetb0,0,0.4205593,True
efficientnetb0,0,0.0061298534,True
efficientnetb0,0,0.26304138,True
efficientnetb0,0,1.1052959,True
efficientnetb0,0,0.05100642,True
efficientnetb0,0,0.14095837,True
efficientnetb0,0,0.019554954,True
efficientnetb0,0,0.84992725,False
efficientnetb0,0,0.84392285,False
efficientnetb0,0,0.0008578787,True
efficientnetb0,0,0.025301374,True
efficientnetb0,0,0.94253063,False
efficientnetb0,0,0.0016832027,True
efficientnetb0,0,0.5277796,True
efficientnetb0,0,0.013302183,True
efficientnetb0,0,0.16420107,True
efficientnetb0,0,0.24443899,False
efficientnetb0,0,0.0020158265,True
efficientnetb0,0,0.38181207,True
efficientnetb0,0,0.2998327,True
efficientnetb0,0,0.010193956,True
efficientnetb0,0,0.70588577,True
efficientnetb0,0,0.2029497,True
efficientnetb0,0,0.5432389,True
efficientnetb0,0,1.1780837,False
efficientnetb0,0,0.023634972,True
efficientnetb0,0,0.58129215,False
efficientnetb0,0,0.632324,True
efficientnetb0,0,0.9072846,True
efficientnetb0,0,0.020522902,True
efficientnetb0,0,0.08392195,True
efficientnetb0,0,0.016023496,True
efficientnetb0,0,0.08630933,True
efficientnetb0,0,0.2869476,True
efficientnetb0,0,1.1833935,False
efficientnetb0,0,0.50558305,True
efficientnetb0,0,0.9360455,True
efficientnetb0,0,0.11412095,True
efficientnetb0,0,0.8099263,False
efficientnetb0,0,0.09014167,True
efficientnetb0,0,0.0143635925,True
efficientnetb0,0,2.072153e-05,True
efficientnetb0,0,0.27078965,True
efficientnetb0,0,0.7121662,False
efficientnetb0,0,0.6818505,False
efficientnetb0,0,0.50659424,True
efficientnetb0,0,0.36216724,False
efficientnetb0,0,0.72609735,False
efficientnetb0,0,0.39629024,True
efficientnetb0,0,0.017743457,True
efficientnetb0,0,0.0066868486,True
efficientnetb0,0,0.23872593,True
efficientnetb0,0,0.15808101,True
efficientnetb0,0,0.82978845,True
efficientnetb0,0,0.028420765,True
efficientnetb0,0,0.53920066,True
efficientnetb0,0,0.0031569488,True
efficientnetb0,0,0.3808941,False
efficientnetb0,0,0.26491436,False
efficientnetb0,0,0.8811387,True
efficientnetb0,0,0.0008097916,True
efficientnetb0,0,0.12794021,True
efficientnetb0,0,0.53849983,True
efficientnetb0,0,0.32728708,True
efficientnetb0,0,0.32987833,True
efficientnetb0,0,0.36010063,False
efficientnetb0,0,0.06260636,True
efficientnetb0,0,0.566434,True
efficientnetb0,0,0.22095141,True
efficientnetb0,0,0.7116575,False
efficientnetb0,0,0.0015024606,True
efficientnetb0,0,0.15991883,True
efficientnetb0,0,0.42002195,True
efficientnetb0,0,0.0017044815,True
efficientnetb0,0,0.022293955,True
efficientnetb0,0,0.48046753,False
efficientnetb0,0,0.0023428076,True
efficientnetb0,0,0.15463233,False
efficientnetb0,0,0.19511788,True
efficientnetb0,0,0.51260936,True
efficientnetb0,0,0.0070123803,True
efficientnetb0,0,0.028979236,True
efficientnetb0,0,0.2406876,True
efficientnetb0,0,0.91385233,True
efficientnetb0,0,0.32399893,True
efficientnetb0,0,1.1846708,False
efficientnetb0,0,0.18922189,True
efficientnetb0,0,0.025451351,True
efficientnetb0,0,0.55785704,False
efficientnetb0,0,0.07682483,True
efficientnetb0,0,0.2111688,True
efficientnetb0,0,0.6313771,False
efficientnetb0,0,0.007214669,True
efficientnetb0,0,0.3834164,True
efficientnetb0,0,0.03329174,True
efficientnetb0,0,1.0415462,False
efficientnetb0,0,0.7947497,False
efficientnetb0,0,0.048478886,True
efficientnetb0,0,8.848451e-05,True
efficientnetb0,0,0.61068505,True
efficientnetb0,0,0.016755924,True
efficientnetb0,0,0.038650107,True
efficientnetb0,0,0.3841986,True
efficientnetb0,0,0.58707416,False
efficientnetb0,0,1.1182894,False
efficientnetb0,0,1.0119668,False
efficientnetb0,0,0.0039746836,True
efficientnetb0,0,0.8467971,True
efficientnetb0,0,0.010554415,True
efficientnetb0,0,0.0015230653,True
efficientnetb0,0,1.1700836,False
efficientnetb0,0,0.26158267,True
efficientnetb0,0,0.6820474,True
efficientnetb0,0,0.019908696,True
efficientnetb0,0,0.20443282,True
efficientnetb0,0,0.064565726,True
efficientnetb0,0,0.0001247764,True
efficientnetb0,0,0.29513046,True
efficientnetb0,0,0.0063810614,True
efficientnetb0,0,0.006837178,True
efficientnetb0,0,0.04076952,True
efficientnetb0,0,0.58374095,False
efficientnetb0,0,0.60022545,True
efficientnetb0,0,0.7219891,True
efficientnetb0,0,1.0718688,False
efficientnetb0,0,0.12161669,True
efficientnetb0,0,0.029954284,True
efficientnetb0,0,0.00031985078,True
efficientnetb0,0,0.013831982,True
efficientnetb0,0,0.106308766,True
efficientnetb0,0,0.26503512,True
efficientnetb0,0,0.03721724,True
efficientnetb0,0,1.0816507,False
efficientnetb0,0,0.5935424,True
efficientnetb0,0,0.10756047,True
efficientnetb0,0,0.0029180339,True
efficientnetb0,0,0.3953811,True
efficientnetb0,0,0.0045315125,True
efficientnetb0,0,0.0038982518,True
efficientnetb0,0,0.0791881,True
efficientnetb0,0,0.45719478,True
efficientnetb0,0,0.31526506,True
efficientnetb0,0,0.67785484,False
efficientnetb0,0,0.049888372,True
efficientnetb0,0,0.15910992,True
efficientnetb0,0,0.7250914,True
efficientnetb0,0,0.07288813,True
efficientnetb0,0,0.5909026,True
efficientnetb0,0,0.4905358,True
efficientnetb0,0,0.0029048352,True
efficientnetb0,0,0.051671416,True
efficientnetb0,0,0.11168406,True
efficientnetb0,0,0.19640538,True
efficientnetb0,0,0.55735713,True
efficientnetb0,0,0.022597477,True
efficientnetb0,0,1.1762409,False
efficientnetb0,0,0.44567004,True
efficientnetb0,0,0.008293148,True
efficientnetb0,0,4.4391643e-05,True
efficientnetb0,0,0.0014744516,True
efficientnetb0,0,1.1069019,True
efficientnetb0,0,0.99974257,False
efficientnetb0,0,0.00048136353,True
efficientnetb0,0,0.0053740535,True
efficientnetb0,0,0.027812451,True
efficientnetb0,0,0.060762316,True
efficientnetb0,0,0.52386045,True
efficientnetb0,0,0.7609111,True
efficientnetb0,0,0.04165421,True
efficientnetb0,0,0.00041983614,True
efficientnetb0,0,1.1976098,False
efficientnetb0,0,0.009519301,True
efficientnetb0,0,0.07118949,True
efficientnetb0,0,1.1128706,False
efficientnetb0,0,0.45893076,True
efficientnetb0,0,0.70302534,False
efficientnetb0,0,0.15255293,True
efficientnetb0,0,0.019879602,True
efficientnetb0,0,0.54790473,True
efficientnetb0,0,0.25754824,True
efficientnetb0,0,0.034881923,True
efficientnetb0,0,0.0059664804,True
efficientnetb0,0,0.07269949,True
efficientnetb0,0,0.046324864,True
efficientnetb0,0,0.38338584,True
efficientnetb0,0,0.0009249678,True
efficientnetb0,0,0.10560225,True
efficientnetb0,0,0.30884027,True
efficientnetb0,0,0.0066959606,True
efficientnetb0,0,0.022764178,True
efficientnetb0,0,0.66797155,True
efficientnetb0,0,0.030656938,True
efficientnetb0,0,0.015608807,True
efficientnetb0,0,0.99421406,True
efficientnetb0,0,0.056926347,True
efficientnetb0,0,0.88719565,True
efficientnetb0,0,0.27271459,True
efficientnetb0,0,0.20322439,True
efficientnetb0,0,1.1061921,True
efficientnetb0,0,0.0016493805,True
efficientnetb0,0,0.021887265,True
efficientnetb0,0,1.0696505,True
efficientnetb0,0,0.011573122,True
efficientnetb0,0,0.028428186,True
efficientnetb0,0,0.013633177,True
efficientnetb0,0,0.8956173,False
efficientnetb0,0,0.17339729,True
efficientnetb0,0,0.20652546,True
efficientnetb0,0,0.7168812,False
efficientnetb0,0,0.0017776268,True
efficientnetb0,0,0.71255875,True
efficientnetb0,0,0.50121367,True
efficientnetb0,0,0.091751635,True
efficientnetb0,0,0.81956494,True
efficientnetb0,0,0.08664875,True
efficientnetb0,0,0.03195848,True
efficientnetb0,0,0.84107864,True
efficientnetb0,0,0.88602966,True
efficientnetb0,0,0.78318113,False
efficientnetb0,0,0.07549309,True
efficientnetb0,0,0.3205955,True
efficientnetb0,0,0.123840295,False
efficientnetb0,0,0.57961184,True
efficientnetb0,0,1.2897093,False
efficientnetb0,0,0.012483384,True
efficientnetb0,0,0.071502805,True
efficientnetb0,0,0.08085629,True
efficientnetb0,0,1.0236499,True
efficientnetb0,0,0.25870925,True
efficientnetb0,0,0.009317905,True
efficientnetb0,0,0.007866251,True
efficientnetb0,0,0.07157111,True
efficientnetb0,0,0.0007719846,True
efficientnetb0,0,0.06728015,True
efficientnetb0,0,0.0018026954,True
efficientnetb0,0,1.0249788,True
efficientnetb0,0,0.009456913,True
efficientnetb0,0,0.00039394008,True
efficientnetb0,0,0.16681875,True
efficientnetb0,0,0.04391793,True
efficientnetb0,0,0.9237511,False
efficientnetb0,0,0.42892677,True
efficientnetb0,0,0.7985885,False
efficientnetb0,0,1.0390506,False
efficientnetb0,0,0.0009602386,True
efficientnetb0,0,0.07101396,True
efficientnetb0,0,0.010057937,True
efficientnetb0,0,0.09693573,False
efficientnetb0,0,0.25168973,True
efficientnetb0,0,0.05394876,True
efficientnetb0,0,0.08232537,True
efficientnetb0,0,0.024496716,True
efficientnetb0,0,0.19430307,True
efficientnetb0,0,0.023715783,True
efficientnetb0,0,0.008371207,True
efficientnetb0,0,1.084069,False
efficientnetb0,0,0.27731943,True
efficientnetb0,0,0.43016168,False
efficientnetb0,0,0.9135018,False
efficientnetb0,0,0.029679392,True
efficientnetb0,0,1.0592033,True
efficientnetb0,0,0.5561086,True
efficientnetb0,0,0.0018072497,True
efficientnetb0,0,0.17572883,True
efficientnetb0,0,0.0066617914,True
efficientnetb0,0,0.9638141,False
efficientnetb0,0,0.36192662,True
efficientnetb0,0,0.36625308,True
efficientnetb0,0,0.008924041,True
efficientnetb0,0,0.0004125855,True
efficientnetb0,0,0.08497314,True
efficientnetb0,0,0.26365608,True
efficientnetb0,0,0.0002068414,True
efficientnetb0,0,0.71823,True
efficientnetb0,0,0.47944716,True
efficientnetb0,0,0.013218548,True
efficientnetb0,0,0.029821247,True
efficientnetb0,0,0.18449822,True
efficientnetb0,0,0.076975934,True
efficientnetb0,0,0.10994013,True
efficientnetb0,0,0.91743743,False
efficientnetb0,0,0.0023856377,False
efficientnetb0,0,0.16815048,True
efficientnetb0,0,0.16751674,True
efficientnetb0,0,0.013554472,True
efficientnetb0,0,0.3108313,True
efficientnetb0,0,0.50768757,True
efficientnetb0,0,0.032167114,True
efficientnetb0,0,0.2963839,True
efficientnetb0,0,0.017338872,True
efficientnetb0,0,0.77513933,False
efficientnetb0,0,0.24337429,True
efficientnetb0,0,0.20340139,True
efficientnetb0,0,0.22296965,True
efficientnetb0,0,0.10405491,True
efficientnetb0,0,0.0024535484,True
efficientnetb0,0,0.5228615,True
efficientnetb0,0,0.17942595,True
efficientnetb0,0,0.33118802,True
efficientnetb0,0,1.1907766,False
efficientnetb0,0,0.8635779,False
efficientnetb0,0,6.673941e-05,True
efficientnetb0,0,0.7420845,True
efficientnetb0,0,0.22033423,True
efficientnetb0,0,0.0018458795,True
efficientnetb0,0,0.50208825,False
efficientnetb0,0,0.14593895,True
efficientnetb0,0,0.029122649,True
efficientnetb0,0,0.004976223,True
efficientnetb0,0,0.018869057,True
efficientnetb0,0,0.39817274,True
efficientnetb0,0,0.12145117,True
efficientnetb0,0,0.016351085,True
efficientnetb0,0,0.7754624,True
efficientnetb0,0,0.14929727,True
efficientnetb0,0,0.03910733,True
efficientnetb0,0,1.1277773,False
efficientnetb0,0,0.00078223646,True
efficientnetb0,0,0.34031814,True
efficientnetb0,0,0.59824693,True
efficientnetb0,0,0.985757,False
efficientnetb0,0,0.2764492,True
efficientnetb0,0,0.013087269,True
efficientnetb0,0,0.08072306,True
efficientnetb0,0,0.053705662,True
efficientnetb0,0,0.07535959,True
efficientnetb0,0,0.047978133,True
efficientnetb0,0,1.1585304,False
efficientnetb0,0,0.18533964,True
efficientnetb0,0,0.016275192,True
efficientnetb0,0,0.8795276,False
efficientnetb0,0,0.018131513,True
efficientnetb0,0,0.7627201,False
efficientnetb0,0,0.66604936,True
efficientnetb0,0,0.07333009,True
efficientnetb0,0,0.0010393865,True
efficientnetb0,0,0.0016188094,True
efficientnetb0,0,0.5629828,False
efficientnetb0,0,0.0009107308,True
efficientnetb0,0,0.8084005,True
efficientnetb0,0,0.38320172,True
efficientnetb0,0,0.6596224,True
efficientnetb0,0,0.86365855,True
efficientnetb0,0,0.15621823,False
efficientnetb0,0,0.0042900825,True
efficientnetb0,0,0.16175212,True
efficientnetb0,0,0.12923051,True
efficientnetb0,0,0.1309796,True
efficientnetb0,0,0.7306478,True
efficientnetb0,0,0.059409644,True
efficientnetb0,0,0.68391573,False
efficientnetb0,0,0.48982644,True
efficientnetb0,0,0.80145276,False
efficientnetb0,0,0.75984454,False
efficientnetb0,0,0.055926267,False
efficientnetb0,0,0.09884007,True
efficientnetb0,0,0.004009411,True
efficientnetb0,0,0.00048786798,True
efficientnetb0,0,0.0001564023,True
efficientnetb0,0,0.58109546,True
efficientnetb0,0,0.14827368,True
efficientnetb0,0,0.81238854,False
efficientnetb0,0,0.0023073114,True
efficientnetb0,0,0.37536982,True
efficientnetb0,0,0.6786886,True
efficientnetb0,0,0.1300448,True
efficientnetb0,0,0.059003625,True
efficientnetb0,0,0.0006533659,True
efficientnetb0,0,0.006890055,True
efficientnetb0,0,0.8431087,False
efficientnetb0,0,0.00608127,True
efficientnetb0,0,0.5831778,True
efficientnetb0,0,0.68988097,False
efficientnetb0,0,0.005037176,True
efficientnetb0,0,0.34689087,True
efficientnetb0,0,0.4399875,False
efficientnetb0,0,0.08129627,True
efficientnetb0,0,0.06768501,True
efficientnetb0,1,0.7693701,True
efficientnetb0,1,0.5510751,True
efficientnetb0,1,0.71847755,True
efficientnetb0,1,0.36474657,True
efficientnetb0,1,0.5171126,False
efficientnetb0,1,0.9793575,True
efficientnetb0,1,0.77007985,False
efficientnetb0,1,0.8410541,True
efficientnetb0,1,0.9678767,True
efficientnetb0,1,0.5079162,True
efficientnetb0,1,0.46937916,True
efficientnetb0,1,0.7454517,True
efficientnetb0,1,0.7636112,False
efficientnetb0,1,0.65733236,True
efficientnetb0,1,1.335449,False
efficientnetb0,1,0.060119737,True
efficientnetb0,1,0.4723913,True
efficientnetb0,1,0.8414711,True
efficientnetb0,1,0.77912146,True
efficientnetb0,1,0.6516283,True
efficientnetb0,1,0.6546846,False
efficientnetb0,1,0.6248883,True
efficientnetb0,1,1.123437,True
efficientnetb0,1,1.0895345,True
efficientnetb0,1,0.38945678,True
efficientnetb0,1,0.2992492,True
efficientnetb0,1,0.8485683,True
efficientnetb0,1,0.37331837,True
efficientnetb0,1,0.43058184,True
efficientnetb0,1,0.041559648,True
efficientnetb0,1,0.124099895,True
efficientnetb0,1,0.2448541,True
efficientnetb0,1,0.5864115,False
efficientnetb0,1,0.32051155,True
efficientnetb0,1,0.87691844,False
efficientnetb0,1,0.72687864,True
efficientnetb0,1,0.067693025,True
efficientnetb0,1,0.6952689,True
efficientnetb0,1,0.75191295,False
efficientnetb0,1,0.5884299,True
efficientnetb0,1,0.36386558,True
efficientnetb0,1,0.11887342,True
efficientnetb0,1,0.40641236,True
efficientnetb0,1,0.11332384,True
efficientnetb0,1,0.49291053,True
efficientnetb0,1,0.5186509,True
efficientnetb0,1,0.7237706,True
efficientnetb0,1,0.5913183,True
efficientnetb0,1,0.69929695,True
efficientnetb0,1,0.36998802,False
efficientnetb0,1,0.27631468,True
efficientnetb0,1,0.09084894,True
efficientnetb0,1,0.09215248,True
efficientnetb0,1,1.1376787,False
efficientnetb0,1,0.81705856,False
efficientnetb0,1,1.0740625,True
efficientnetb0,1,0.29754323,True
efficientnetb0,1,0.5127406,True
efficientnetb0,1,0.73345655,True
efficientnetb0,1,0.9789651,True
efficientnetb0,1,0.5422057,True
efficientnetb0,1,0.76157004,True
efficientnetb0,1,0.03323733,True
efficientnetb0,1,0.6606362,True
efficientnetb0,1,0.5225285,True
efficientnetb0,1,0.21228267,True
efficientnetb0,1,0.73706883,True
efficientnetb0,1,0.95892394,True
efficientnetb0,1,0.75340843,True
efficientnetb0,1,0.40969524,True
efficientnetb0,1,1.053201,True
efficientnetb0,1,0.44487822,True
efficientnetb0,1,0.7479626,True
efficientnetb0,1,0.26230177,True
efficientnetb0,1,0.15178971,True
efficientnetb0,1,0.675229,True
efficientnetb0,1,0.7856014,True
efficientnetb0,1,0.5430736,True
efficientnetb0,1,0.4899785,True
efficientnetb0,1,0.77738047,True
efficientnetb0,1,0.2490632,True
efficientnetb0,1,0.38142213,True
efficientnetb0,1,0.40790167,True
efficientnetb0,1,0.13739502,True
efficientnetb0,1,0.073633365,True
efficientnetb0,1,0.109227434,True
efficientnetb0,1,0.3373612,True
efficientnetb0,1,0.29867315,True
efficientnetb0,1,0.83808076,True
efficientnetb0,1,0.09801602,True
efficientnetb0,1,0.59097016,True
efficientnetb0,1,0.9286841,True
efficientnetb0,1,0.43210006,True
efficientnetb0,1,0.6729314,True
efficientnetb0,1,0.499108,True
efficientnetb0,1,0.22286078,False
efficientnetb0,1,0.7423593,True
efficientnetb0,1,0.7021718,True
efficientnetb0,1,0.60850227,True
efficientnetb0,1,0.61573523,True
efficientnetb0,1,0.17181003,True
efficientnetb0,1,0.52337193,True
efficientnetb0,1,0.29522055,True
efficientnetb0,1,0.39618012,True
efficientnetb0,1,0.39724535,True
efficientnetb0,1,0.7393932,True
efficientnetb0,1,0.020205818,True
efficientnetb0,1,0.71347123,True
efficientnetb0,1,0.45986643,True
efficientnetb0,1,0.5248141,True
efficientnetb0,1,0.0538626,True
efficientnetb0,1,0.57987785,True
efficientnetb0,1,0.77040243,True
efficientnetb0,1,0.7178565,True
efficientnetb0,1,0.29514953,True
efficientnetb0,1,0.22740524,True
efficientnetb0,1,0.34555683,True
efficientnetb0,1,0.45637363,True
efficientnetb0,1,0.12280776,True
efficientnetb0,1,0.8465012,True
efficientnetb0,1,0.66729003,True
efficientnetb0,1,0.49124223,False
efficientnetb0,1,0.28802755,True
efficientnetb0,1,0.34379968,True
efficientnetb0,1,0.46509412,True
efficientnetb0,1,0.7031527,True
efficientnetb0,1,0.60331136,True
efficientnetb0,1,0.7601395,False
efficientnetb0,1,0.07083371,True
efficientnetb0,1,0.80761486,True
efficientnetb0,1,0.6897847,True
efficientnetb0,1,0.9816824,True
efficientnetb0,1,0.4191049,True
efficientnetb0,1,0.116441414,True
efficientnetb0,1,0.68189937,True
efficientnetb0,1,0.6734129,False
efficientnetb0,1,0.516345,True
efficientnetb0,1,0.87347305,True
efficientnetb0,1,0.65329593,True
efficientnetb0,1,0.18672356,True
efficientnetb0,1,0.10150195,True
efficientnetb0,1,0.5683792,True
efficientnetb0,1,0.34315002,True
efficientnetb0,1,0.20108518,True
efficientnetb0,1,0.35470337,False
efficientnetb0,1,0.08828494,True
efficientnetb0,1,0.73680407,True
efficientnetb0,1,0.42006308,True
efficientnetb0,1,0.5913772,True
efficientnetb0,1,0.2672981,True
efficientnetb0,1,0.85271406,False
efficientnetb0,1,0.56447434,True
efficientnetb0,1,0.53706497,True
efficientnetb0,1,0.12759063,True
efficientnetb0,1,0.85751355,False
efficientnetb0,1,0.4612656,True
efficientnetb0,1,0.9473134,True
efficientnetb0,1,0.672885,False
efficientnetb0,1,0.029982977,True
efficientnetb0,1,0.64618874,True
efficientnetb0,1,0.48915344,True
efficientnetb0,1,0.43350834,False
efficientnetb0,1,0.42276847,True
efficientnetb0,1,0.90815896,True
efficientnetb0,1,0.3913994,True
efficientnetb0,1,0.4864769,True
efficientnetb0,1,0.19112861,True
efficientnetb0,1,0.26904905,True
efficientnetb0,1,0.023263905,True
efficientnetb0,1,0.41463655,True
efficientnetb0,1,0.27551273,True
efficientnetb0,1,1.2608291,False
efficientnetb0,1,0.2848482,True
efficientnetb0,1,0.11834259,True
efficientnetb0,1,0.894493,True
efficientnetb0,1,0.21250536,True
efficientnetb0,1,0.50577754,True
efficientnetb0,1,0.740574,False
efficientnetb0,1,0.9346852,True
efficientnetb0,1,0.719154,True
efficientnetb0,1,0.6497163,True
efficientnetb0,1,0.7314664,True
efficientnetb0,1,0.96744835,False
efficientnetb0,1,0.48472244,True
efficientnetb0,1,0.4947792,True
efficientnetb0,1,0.7853856,True
efficientnetb0,1,0.8603579,True
efficientnetb0,1,0.61211157,True
efficientnetb0,1,0.2219275,True
efficientnetb0,1,0.35493362,True
efficientnetb0,1,0.8683377,False
efficientnetb0,1,0.45933867,True
efficientnetb0,1,0.2553946,True
efficientnetb0,1,0.0020073594,True
efficientnetb0,1,0.53909534,False
efficientnetb0,1,1.1236235,False
efficientnetb0,1,0.59912235,True
efficientnetb0,1,0.24103212,True
efficientnetb0,1,0.9041909,True
efficientnetb0,1,1.0447266,False
efficientnetb0,1,0.5097496,True
efficientnetb0,1,0.9408943,True
efficientnetb0,1,0.3991721,True
efficientnetb0,1,1.0894394,False
efficientnetb0,1,0.46536705,True
efficientnetb0,1,0.72212005,True
efficientnetb0,1,0.74286574,True
efficientnetb0,1,0.77433836,False
efficientnetb0,1,0.25614682,True
efficientnetb0,1,1.0825117,True
efficientnetb0,1,0.13388777,True
efficientnetb0,1,0.5505179,True
efficientnetb0,1,0.37625375,True
efficientnetb0,1,0.14327651,True
efficientnetb0,1,0.11744939,True
efficientnetb0,1,0.050689418,True
efficientnetb0,1,0.68510985,False
efficientnetb0,1,0.79776376,True
efficientnetb0,1,0.21249066,True
efficientnetb0,1,0.46368426,True
efficientnetb0,1,0.92133,True
efficientnetb0,1,0.48716205,True
efficientnetb0,1,0.16588356,True
efficientnetb0,1,0.5345253,True
efficientnetb0,1,0.8417943,True
efficientnetb0,1,0.69889593,True
efficientnetb0,1,0.32721886,True
efficientnetb0,1,0.03142664,True
efficientnetb0,1,0.6772385,True
efficientnetb0,1,0.32796538,True
efficientnetb0,1,0.4607017,True
efficientnetb0,1,0.036555365,True
efficientnetb0,1,0.91052914,True
efficientnetb0,1,0.3853766,True
efficientnetb0,1,0.697345,False
efficientnetb0,1,0.48559672,True
efficientnetb0,1,0.74888504,True
efficientnetb0,1,0.12477598,True
efficientnetb0,1,0.6339095,True
efficientnetb0,1,1.0118535,False
efficientnetb0,1,0.6937921,True
efficientnetb0,1,0.5303453,True
efficientnetb0,1,0.95332915,True
efficientnetb0,1,0.58373123,True
efficientnetb0,1,0.7744771,True
efficientnetb0,1,0.81644154,True
efficientnetb0,1,0.21160886,True
efficientnetb0,1,0.36381122,True
efficientnetb0,1,0.360618,True
efficientnetb0,1,0.24088877,True
efficientnetb0,1,0.6002355,True
efficientnetb0,1,0.055384494,True
efficientnetb0,1,0.40420657,True
efficientnetb0,1,1.1080382,True
efficientnetb0,1,0.28114915,True
efficientnetb0,1,0.33293536,True
efficientnetb0,1,0.65766615,True
efficientnetb0,1,0.23640731,True
efficientnetb0,1,0.79280484,True
efficientnetb0,1,0.78575015,True
efficientnetb0,1,0.5393666,False
efficientnetb0,1,0.47571844,True
efficientnetb0,1,0.5368336,True
efficientnetb0,1,0.01897999,True
efficientnetb0,1,0.6327914,True
efficientnetb0,1,0.68624705,False
efficientnetb0,1,0.3326007,True
efficientnetb0,1,0.32680917,True
efficientnetb0,1,0.90434325,True
efficientnetb0,1,0.71661365,True
efficientnetb0,1,0.2731956,True
efficientnetb0,1,0.075030014,True
efficientnetb0,1,0.3192737,True
efficientnetb0,1,0.066331424,True
efficientnetb0,1,0.077076636,True
efficientnetb0,1,0.25427502,True
efficientnetb0,1,1.117756,True
efficientnetb0,1,0.92461264,True
efficientnetb0,1,0.18604708,True
efficientnetb0,1,0.30502823,True
efficientnetb0,1,0.83553886,False
efficientnetb0,1,1.0837342,False
efficientnetb0,1,0.51598287,True
efficientnetb0,1,0.8527373,True
efficientnetb0,1,0.019178445,True
efficientnetb0,1,0.24835715,True
efficientnetb0,1,0.35219732,True
efficientnetb0,1,0.53418404,True
efficientnetb0,1,0.39748842,True
efficientnetb0,1,0.7823399,False
efficientnetb0,1,0.12133917,True
efficientnetb0,1,0.4039785,True
efficientnetb0,1,0.6579277,True
efficientnetb0,1,0.09548145,True
efficientnetb0,1,0.10004285,True
efficientnetb0,1,0.71757233,True
efficientnetb0,1,0.95761263,True
efficientnetb0,1,0.14007144,True
efficientnetb0,1,1.1214242,False
efficientnetb0,1,0.030008689,True
efficientnetb0,1,0.034550175,True
efficientnetb0,1,0.5788762,True
efficientnetb0,1,0.46001583,True
efficientnetb0,1,0.57192534,True
efficientnetb0,1,0.8406085,True
efficientnetb0,1,0.6425704,True
efficientnetb0,1,0.32233286,True
efficientnetb0,1,0.2534529,True
efficientnetb0,1,0.55152464,True
efficientnetb0,1,0.29736793,True
efficientnetb0,1,0.5388262,True
efficientnetb0,1,0.90869254,True
efficientnetb0,1,0.6683045,True
efficientnetb0,1,0.6330202,True
efficientnetb0,1,0.030264067,True
efficientnetb0,1,0.003272484,True
efficientnetb0,1,0.5933272,True
efficientnetb0,1,0.49767804,True
efficientnetb0,1,0.12828776,True
efficientnetb0,1,0.21555622,True
efficientnetb0,1,0.8225944,True
efficientnetb0,1,1.0625732,False
efficientnetb0,1,0.34427103,True
efficientnetb0,1,0.82960236,False
efficientnetb0,1,1.0303571,True
efficientnetb0,1,0.013667189,False
efficientnetb0,1,0.86878836,True
efficientnetb0,1,0.63736254,True
efficientnetb0,1,0.2977835,False
efficientnetb0,1,0.46981174,True
efficientnetb0,1,0.43408024,True
efficientnetb0,1,1.1236957,True
efficientnetb0,1,0.71292764,True
efficientnetb0,1,0.031082353,True
efficientnetb0,1,0.6178753,False
efficientnetb0,1,0.24824215,True
efficientnetb0,1,0.6710918,True
efficientnetb0,1,0.01014572,True
efficientnetb0,1,0.7310386,True
efficientnetb0,1,0.38978732,True
efficientnetb0,1,1.1682205,True
efficientnetb0,1,0.24528226,True
efficientnetb0,1,0.98628235,True
efficientnetb0,1,1.0483327,True
efficientnetb0,1,0.26929584,True
efficientnetb0,1,0.9049773,True
efficientnetb0,1,0.22426918,True
efficientnetb0,1,0.2974861,True
efficientnetb0,1,0.64233136,True
efficientnetb0,1,0.19273148,True
efficientnetb0,1,0.43095553,True
efficientnetb0,1,0.6019848,False
efficientnetb0,1,0.24481012,True
efficientnetb0,1,0.3791076,True
efficientnetb0,1,0.09062198,True
efficientnetb0,1,0.89506507,True
efficientnetb0,1,0.9040991,False
efficientnetb0,1,0.52053785,True
efficientnetb0,1,0.22370234,True
efficientnetb0,1,0.7486085,True
efficientnetb0,1,0.07554585,True
efficientnetb0,1,0.60009,True
efficientnetb0,1,0.7099394,False
efficientnetb0,1,0.03857331,True
efficientnetb0,1,0.8335753,True
efficientnetb0,1,0.68273306,True
efficientnetb0,1,0.58226717,True
efficientnetb0,1,0.39832148,True
efficientnetb0,1,0.7861327,True
efficientnetb0,1,0.048539385,True
efficientnetb0,1,0.7493962,True
efficientnetb0,1,0.59669733,True
efficientnetb0,1,0.16494311,True
efficientnetb0,1,0.11108662,True
efficientnetb0,1,1.0044186,True
efficientnetb0,1,0.7884126,True
efficientnetb0,1,0.87951875,True
efficientnetb0,1,0.5960363,True
efficientnetb0,1,0.35294265,True
efficientnetb0,1,0.09209067,True
efficientnetb0,1,0.84805423,True
efficientnetb0,1,0.2398203,True
efficientnetb0,1,0.5338866,True
efficientnetb0,1,0.46576372,True
efficientnetb0,1,0.9575794,True
efficientnetb0,1,0.25376993,True
efficientnetb0,1,0.56502295,True
efficientnetb0,1,0.5114672,True
efficientnetb0,1,0.6542943,True
efficientnetb0,1,0.9795946,False
efficientnetb0,1,0.61036295,True
efficientnetb0,1,0.36037937,True
efficientnetb0,1,0.2871821,False
efficientnetb0,1,0.21707611,False
efficientnetb0,1,0.002210905,True
efficientnetb0,1,1.1431572,True
efficientnetb0,1,0.367933,True
efficientnetb0,1,0.19435492,True
efficientnetb0,1,0.7021395,True
efficientnetb0,1,0.030463602,True
efficientnetb0,2,0.0021391434,True
efficientnetb0,2,0.00010554811,True
efficientnetb0,2,0.002428079,True
efficientnetb0,2,0.031408112,True
efficientnetb0,2,9.08762e-12,True
efficientnetb0,2,0.033211228,True
efficientnetb0,2,0.21996343,True
efficientnetb0,2,0.00924943,True
efficientnetb0,2,1.1362233e-07,True
efficientnetb0,2,1.2351e-05,True
efficientnetb0,2,0.009463834,True
efficientnetb0,2,0.0005903273,True
efficientnetb0,2,4.7017493e-06,True
efficientnetb0,2,0.54103255,True
efficientnetb0,2,0.013726496,True
efficientnetb0,2,0.0049195914,True
efficientnetb0,2,5.2186326e-08,True
efficientnetb0,2,5.3148813e-08,True
efficientnetb0,2,1.9607576e-05,True
efficientnetb0,2,1.4155889e-05,True
efficientnetb0,2,0.77823496,False
efficientnetb0,2,0.07709659,True
efficientnetb0,2,0.0075793015,True
efficientnetb0,2,7.730255e-11,True
efficientnetb0,2,6.0096754e-06,True
efficientnetb0,2,0.14373435,True
efficientnetb0,2,0.0033992291,True
efficientnetb0,2,0.005562996,True
efficientnetb0,2,0.08165544,True
efficientnetb0,2,0.028092852,True
efficientnetb0,2,3.8810984e-05,True
efficientnetb0,2,1.1588857e-05,True
efficientnetb0,2,0.10608322,True
efficientnetb0,2,0.00073756045,True
efficientnetb0,2,0.001455296,True
efficientnetb0,2,7.3778106e-06,True
efficientnetb0,2,2.2092809e-05,True
efficientnetb0,2,1.6726302e-08,True
efficientnetb0,2,0.24739496,True
efficientnetb0,2,0.13132885,True
efficientnetb0,2,0.0019299425,True
efficientnetb0,2,8.0065e-08,True
efficientnetb0,2,6.022534e-08,True
efficientnetb0,2,2.9107836e-05,True
efficientnetb0,2,0.0034855832,True
efficientnetb0,2,0.005405229,True
efficientnetb0,2,0.0002460616,True
efficientnetb0,2,1.3470724e-05,True
efficientnetb0,2,9.7313154e-05,True
efficientnetb0,2,0.4118441,True
efficientnetb0,2,1.8153098e-05,True
efficientnetb0,2,0.0008481371,True
efficientnetb0,2,1.2564026e-07,True
efficientnetb0,2,7.1602946e-05,True
efficientnetb0,2,5.5699942e-08,True
efficientnetb0,2,0.14149657,True
efficientnetb0,2,0.00047887422,True
efficientnetb0,2,0.9338517,True
efficientnetb0,2,0.012017103,True
efficientnetb0,2,0.0013399565,True
efficientnetb0,2,1.744203e-06,True
efficientnetb0,2,0.5802367,True
efficientnetb0,2,0.18077649,True
efficientnetb0,2,4.796453e-08,True
efficientnetb0,2,1.4814129e-06,True
efficientnetb0,2,0.103253745,True
efficientnetb0,2,0.030346794,True
efficientnetb0,2,8.760689e-08,True
efficientnetb0,2,0.00020412137,True
efficientnetb0,2,0.0010645243,True
efficientnetb0,2,0.0013653899,True
efficientnetb0,2,0.028118523,True
efficientnetb0,2,0.0032717611,True
efficientnetb0,2,0.0013054494,True
efficientnetb0,2,0.00022928076,True
efficientnetb0,2,0.19361207,True
efficientnetb0,2,8.72315e-11,True
efficientnetb0,2,3.1192445e-05,True
efficientnetb0,2,0.014494842,True
efficientnetb0,2,0.00010835282,True
efficientnetb0,2,0.049080666,True
efficientnetb0,2,5.996562e-05,True
efficientnetb0,2,0.0012550052,True
efficientnetb0,2,0.0002415074,True
efficientnetb0,2,0.0009567055,True
efficientnetb0,2,0.0052694636,True
efficientnetb0,2,0.5398583,True
efficientnetb0,2,0.008956786,True
efficientnetb0,2,2.3321724e-12,True
efficientnetb0,2,0.02785194,True
efficientnetb0,2,0.020081198,True
efficientnetb0,2,4.9060993e-08,True
efficientnetb0,2,0.00016306584,True
efficientnetb0,2,9.71679e-09,True
efficientnetb0,2,1.2364151e-07,True
efficientnetb0,2,0.0010731256,True
efficientnetb0,2,3.436479e-05,True
efficientnetb0,2,2.832167e-07,True
efficientnetb0,2,0.015805382,True
efficientnetb0,2,0.0018679535,True
efficientnetb0,2,0.0068339473,True
efficientnetb0,2,0.088981576,True
efficientnetb0,2,3.4560514e-06,True
efficientnetb0,2,1.939965e-06,True
efficientnetb0,2,0.008917807,True
efficientnetb0,2,0.27836776,True
efficientnetb0,2,0.00020430732,True
efficientnetb0,2,0.0010591258,True
efficientnetb0,2,0.0003803767,True
efficientnetb0,2,2.0601427e-05,True
efficientnetb0,2,0.19407342,True
efficientnetb0,2,0.26119336,True
efficientnetb0,2,1.3684241e-06,True
efficientnetb0,2,0.10282511,True
efficientnetb0,2,0.00028980037,True
efficientnetb0,2,0.8326278,True
efficientnetb0,2,0.1593856,True
efficientnetb0,2,2.414247e-09,True
efficientnetb0,2,0.0073376186,True
efficientnetb0,2,0.24756527,True
efficientnetb0,2,8.907647e-06,True
efficientnetb0,2,0.00015166604,True
efficientnetb0,2,0.0025041746,True
efficientnetb0,2,0.041874092,True
efficientnetb0,2,0.0030348117,True
efficientnetb0,2,6.0008057e-07,True
efficientnetb0,2,0.071297884,True
efficientnetb0,2,0.10689272,True
efficientnetb0,2,0.009086925,True
efficientnetb0,2,0.019305188,True
efficientnetb0,2,9.5331626e-07,True
efficientnetb0,2,0.07146607,True
efficientnetb0,2,1.35261735e-05,True
efficientnetb0,2,0.004049904,True
efficientnetb0,2,1.4618959e-06,True
efficientnetb0,2,0.71768737,True
efficientnetb0,2,0.00043412522,True
efficientnetb0,2,0.001195251,True
efficientnetb0,2,0.0004745468,True
efficientnetb0,2,0.07605392,True
efficientnetb0,2,7.671771e-07,True
efficientnetb0,2,1.3743612e-09,True
efficientnetb0,2,7.167398e-09,True
efficientnetb0,2,0.0057839076,True
efficientnetb0,2,2.2586706e-09,True
efficientnetb0,2,0.020158926,True
efficientnetb0,2,0.31070316,True
efficientnetb0,2,4.978499e-06,True
efficientnetb0,2,0.0014741273,True
efficientnetb0,2,2.5061454e-05,True
efficientnetb0,2,8.564931e-05,True
efficientnetb0,2,5.8247046e-10,True
efficientnetb0,2,0.0035076356,True
efficientnetb0,2,0.009770149,True
efficientnetb0,2,0.028096342,True
efficientnetb0,2,0.1023072,True
efficientnetb0,2,0.01612666,True
efficientnetb0,2,0.00023820413,True
efficientnetb0,2,3.6452122e-06,True
efficientnetb0,2,1.2730694e-06,True
efficientnetb0,2,0.0003478235,True
efficientnetb0,2,0.0003502257,True
efficientnetb0,2,2.4440891e-05,True
efficientnetb0,2,7.267803e-06,True
efficientnetb0,2,4.4751837e-06,True
efficientnetb0,2,0.0040249904,True
efficientnetb0,2,1.0297555e-06,True
efficientnetb0,2,1.7361722e-07,True
efficientnetb0,2,0.002778221,True
efficientnetb0,2,4.322978e-12,True
efficientnetb0,2,2.9791185e-08,True
efficientnetb0,2,0.025886055,True
efficientnetb0,2,0.16236217,True
efficientnetb0,2,1.7303089e-08,True
efficientnetb0,2,0.23150307,True
efficientnetb0,2,7.0835275e-05,True
efficientnetb0,2,7.1573246e-05,True
efficientnetb0,2,0.00777279,True
efficientnetb0,2,0.0018340868,True
efficientnetb0,2,0.0018590309,True
efficientnetb0,2,1.5210306e-08,True
efficientnetb0,2,0.00697354,True
efficientnetb0,2,0.00020682279,True
efficientnetb0,2,1.0415564e-13,True
efficientnetb0,2,0.21936965,True
efficientnetb0,2,3.3852011e-06,True
efficientnetb0,2,2.3014255e-08,True
efficientnetb0,2,0.0074646967,True
efficientnetb0,2,0.008136382,True
efficientnetb0,2,0.0145953065,True
efficientnetb0,2,0.00020814319,True
efficientnetb0,2,2.4518518e-05,True
efficientnetb0,2,0.09083868,True
efficientnetb0,2,7.04955e-07,True
efficientnetb0,2,3.3446526e-05,True
efficientnetb0,2,0.016318418,True
efficientnetb0,2,0.050450925,True
efficientnetb0,2,1.5100743e-06,True
efficientnetb0,2,8.00594e-05,True
efficientnetb0,2,2.2223333e-06,True
efficientnetb0,2,0.0005372878,True
efficientnetb0,2,4.147697e-08,True
efficientnetb0,2,0.067523666,True
efficientnetb0,2,0.04106644,True
efficientnetb0,2,7.381595e-09,True
efficientnetb0,2,0.009807033,True
efficientnetb0,2,0.009259217,True
efficientnetb0,2,0.0022755044,True
efficientnetb0,2,2.5883471e-06,True
efficientnetb0,2,0.037295796,True
efficientnetb0,2,9.400034e-10,True
efficientnetb0,2,0.38974476,True
efficientnetb0,2,0.004892596,True
efficientnetb0,2,0.009306299,True
efficientnetb0,2,1.7447765e-05,True
efficientnetb0,2,0.029416777,True
efficientnetb0,2,0.0008028924,True
efficientnetb0,2,1.4846518e-05,True
efficientnetb0,2,1.7177892e-05,True
efficientnetb0,2,1.0762236e-08,True
efficientnetb0,2,0.13537467,True
efficientnetb0,2,1.1692052e-05,True
efficientnetb0,2,5.818419e-07,True
efficientnetb0,2,0.004290764,True
efficientnetb0,2,1.101505e-08,True
efficientnetb0,2,6.279015e-05,True
efficientnetb0,2,0.0025861652,True
efficientnetb0,2,0.027699405,True
efficientnetb0,2,1.9927358e-05,True
efficientnetb0,2,0.00079409196,True
efficientnetb0,2,9.872104e-05,True
efficientnetb0,2,0.00032416164,True
efficientnetb0,2,2.4696991e-09,True
efficientnetb0,2,0.014252384,True
efficientnetb0,2,0.0004371015,True
efficientnetb0,2,1.4571954e-07,True
efficientnetb0,2,0.0026975886,True
efficientnetb0,2,0.00015123913,True
efficientnetb0,2,0.0071396707,True
efficientnetb0,2,0.0005289695,True
efficientnetb0,2,0.1488192,True
efficientnetb0,2,6.5571777e-07,True
efficientnetb0,2,0.021548703,True
efficientnetb0,2,3.7351313e-06,True
efficientnetb0,2,0.17951249,True
efficientnetb0,2,0.0625439,True
efficientnetb0,2,1.813161e-10,True
efficientnetb0,2,9.964874e-07,True
efficientnetb0,2,0.010170211,True
efficientnetb0,2,1.8359723e-12,True
efficientnetb0,2,0.0066014538,True
efficientnetb0,2,3.525637e-05,True
efficientnetb0,2,0.028256329,True
efficientnetb0,2,0.0015445104,True
efficientnetb0,2,0.0003766917,True
efficientnetb0,2,0.00030102432,True
efficientnetb0,2,0.0014416167,True
efficientnetb0,2,0.0013879687,True
efficientnetb0,2,5.031375e-06,True
efficientnetb0,2,1.1642291e-05,True
efficientnetb0,2,0.0010648122,True
efficientnetb0,2,1.4119353e-06,True
efficientnetb0,2,3.8081714e-07,True
efficientnetb0,2,6.132306e-05,True
efficientnetb0,2,0.27334467,True
efficientnetb0,2,0.00011532813,True
efficientnetb0,2,0.02253397,True
efficientnetb0,2,0.0013874198,True
efficientnetb0,2,2.344316e-11,True
efficientnetb0,2,0.00031945045,True
efficientnetb0,2,0.15825942,True
efficientnetb0,2,1.6667622e-06,True
efficientnetb0,2,0.6083103,True
efficientnetb0,2,0.0031190799,True
efficientnetb0,2,0.0012397714,True
efficientnetb0,2,0.6724833,True
efficientnetb0,2,0.00015492413,True
efficientnetb0,2,0.3868086,True
efficientnetb0,2,1.3072152e-08,True
efficientnetb0,2,4.1689296e-09,True
efficientnetb0,2,7.6769865e-08,True
efficientnetb0,2,0.4025582,True
efficientnetb0,2,0.00089308096,True
efficientnetb0,2,8.2445996e-07,True
efficientnetb0,2,0.00010262536,True
efficientnetb0,2,1.1316256e-08,True
efficientnetb0,2,7.2586245e-06,True
efficientnetb0,2,0.00011187944,True
efficientnetb0,2,3.8649087e-10,True
efficientnetb0,2,0.0001615413,True
efficientnetb0,2,0.00040711564,True
efficientnetb0,2,0.06602003,True
efficientnetb0,2,0.00015425785,True
efficientnetb0,2,2.0870795e-05,True
efficientnetb0,2,6.926307e-08,True
efficientnetb0,2,0.69508743,True
efficientnetb0,2,3.7760897e-09,True
efficientnetb0,2,0.22823533,True
efficientnetb0,2,5.306447e-08,True
efficientnetb0,2,0.0015486988,True
efficientnetb0,2,8.9523906e-05,True
efficientnetb0,2,0.38932812,True
efficientnetb0,2,0.00022063187,True
efficientnetb0,2,0.10183716,True
efficientnetb0,2,0.011908043,True
efficientnetb0,2,0.1836915,True
efficientnetb0,2,2.7905853e-06,True
efficientnetb0,2,0.0003268097,True
efficientnetb0,2,1.8216883e-06,True
efficientnetb0,2,0.0007511735,True
efficientnetb0,2,0.108531125,True
efficientnetb0,2,0.6743749,True
efficientnetb0,2,5.943118e-09,True
efficientnetb0,2,3.4325356e-10,True
efficientnetb0,2,0.8435459,True
efficientnetb0,2,1.4505838e-08,True
efficientnetb0,2,0.09229313,True
efficientnetb0,2,2.8608915e-07,True
efficientnetb0,2,0.19569942,True
efficientnetb0,2,0.027609179,True
efficientnetb0,2,0.0002980795,True
efficientnetb0,2,0.02606305,True
efficientnetb0,2,5.25371e-05,True
efficientnetb0,2,0.0006924724,True
efficientnetb0,2,0.033959456,True
efficientnetb0,2,2.605588e-05,True
efficientnetb0,2,0.0022326836,True
efficientnetb0,2,0.00291516,True
efficientnetb0,2,0.00017256326,True
efficientnetb0,2,0.0035306634,True
efficientnetb0,2,0.14206363,True
efficientnetb0,2,0.0003206139,True
efficientnetb0,2,3.1858085e-06,True
efficientnetb0,2,8.429805e-05,True
efficientnetb0,2,1.7075244e-07,True
efficientnetb0,2,2.376419e-05,True
efficientnetb0,2,3.2799227e-07,True
efficientnetb0,2,0.00073696114,True
efficientnetb0,2,4.912095e-07,True
efficientnetb0,2,0.0407943,True
efficientnetb0,2,0.0043859472,True
efficientnetb0,2,0.03806607,True
efficientnetb0,2,0.0012792951,True
efficientnetb0,2,0.0013053401,True
efficientnetb0,2,0.061366484,True
efficientnetb0,2,2.6662728e-05,True
efficientnetb0,2,1.7679273e-08,True
efficientnetb0,2,0.00068921736,True
efficientnetb0,2,0.020641666,True
efficientnetb0,2,8.933672e-05,True
efficientnetb0,2,0.0045265127,True
efficientnetb0,2,1.8822791e-06,True
efficientnetb0,2,1.8223125e-09,True
efficientnetb0,2,0.12661898,True
efficientnetb0,2,0.05537305,True
efficientnetb0,2,0.00017574044,True
efficientnetb0,2,0.03343724,True
efficientnetb0,2,0.47791234,True
efficientnetb0,2,1.5163591e-06,True
efficientnetb0,2,1.914965e-05,True
efficientnetb0,2,3.7181297e-05,True
efficientnetb0,2,0.008830505,True
efficientnetb0,2,2.3617227e-07,True
efficientnetb0,2,0.08060035,True
efficientnetb0,2,5.568177e-06,True
efficientnetb0,2,2.823407e-13,True
efficientnetb0,2,0.0040702797,True
efficientnetb0,2,0.0014372027,True
efficientnetb0,2,2.1388311e-07,True
efficientnetb0,2,7.6015946e-05,True
efficientnetb0,2,0.03299115,True
efficientnetb0,2,8.0620123e-07,True
efficientnetb0,2,0.00017491261,True
efficientnetb0,2,5.631363e-07,True
efficientnetb0,2,1.4918224e-05,True
efficientnetb0,2,0.20373034,True
efficientnetb0,2,7.565172e-05,True
efficientnetb0,2,0.14770728,True
efficientnetb0,2,0.016551541,True
efficientnetb0,2,0.0031514694,True
efficientnetb0,2,0.0006899232,True
efficientnetb0,2,0.006334515,True
efficientnetb0,2,1.6818311e-06,True
efficientnetb0,2,4.5835172e-10,True
efficientnetb0,2,1.5760981e-10,True
efficientnetb0,2,0.020700732,True
efficientnetb0,2,0.0015050686,True
efficientnetb0,2,0.08201129,True
efficientnetb0,2,0.020513464,True
efficientnetb0,2,0.1946532,True
efficientnetb0,2,3.4731772e-06,True
efficientnetb0,2,6.810404e-08,True
efficientnetb0,2,1.3069787,False
efficientnetb0,2,9.713929e-05,True
efficientnetb0,2,0.3368279,True
efficientnetb0,2,1.2224964e-05,True
efficientnetb0,2,0.1556488,True
efficientnetb0,2,3.1538636e-06,True
efficientnetb0,2,3.013608e-05,True
efficientnetb0,2,4.1793652e-07,True
efficientnetb0,3,0.11037408,True
efficientnetb0,3,0.09029725,True
efficientnetb0,3,0.084262826,True
efficientnetb0,3,0.021351315,True
efficientnetb0,3,0.15276173,True
efficientnetb0,3,0.023747679,True
efficientnetb0,3,0.10288803,True
efficientnetb0,3,0.036217928,True
efficientnetb0,3,0.07340641,True
efficientnetb0,3,0.013423825,True
efficientnetb0,3,0.027961282,True
efficientnetb0,3,0.035292406,True
efficientnetb0,3,0.02103635,True
efficientnetb0,3,0.1346795,True
efficientnetb0,3,0.038816147,True
efficientnetb0,3,0.007276986,True
efficientnetb0,3,0.04414529,True
efficientnetb0,3,0.23320338,True
efficientnetb0,3,0.2040935,True
efficientnetb0,3,0.05674019,True
efficientnetb0,3,0.18246216,True
efficientnetb0,3,0.032338828,True
efficientnetb0,3,0.2911744,True
efficientnetb0,3,0.06692525,True
efficientnetb0,3,0.23676683,True
efficientnetb0,3,0.055510264,True
efficientnetb0,3,0.008812205,True
efficientnetb0,3,0.014009879,True
efficientnetb0,3,0.022118893,True
efficientnetb0,3,0.10821085,True
efficientnetb0,3,0.015206652,True
efficientnetb0,3,0.17814195,True
efficientnetb0,3,0.014178166,True
efficientnetb0,3,0.16998272,True
efficientnetb0,3,0.62192136,True
efficientnetb0,3,0.085109696,True
efficientnetb0,3,0.068159826,True
efficientnetb0,3,0.055293422,True
efficientnetb0,3,0.31481445,True
efficientnetb0,3,0.26376477,True
efficientnetb0,3,0.01689158,True
efficientnetb0,3,0.026168372,True
efficientnetb0,3,0.006220759,True
efficientnetb0,3,0.030135741,True
efficientnetb0,3,0.21172881,True
efficientnetb0,3,0.0018186776,True
efficientnetb0,3,0.8375119,True
efficientnetb0,3,0.17410709,True
efficientnetb0,3,0.054620974,True
efficientnetb0,3,0.15495226,True
efficientnetb0,3,0.040446248,True
efficientnetb0,3,0.07074969,True
efficientnetb0,3,0.027091378,True
efficientnetb0,3,0.17830974,True
efficientnetb0,3,0.40964097,True
efficientnetb0,3,0.09925489,True
efficientnetb0,3,0.056328654,True
efficientnetb0,3,0.009583557,True
efficientnetb0,3,0.25418174,True
efficientnetb0,3,0.19276497,True
efficientnetb0,3,0.019813085,True
efficientnetb0,3,0.33903354,True
efficientnetb0,3,0.02218537,True
efficientnetb0,3,0.121980555,True
efficientnetb0,3,0.2052715,True
efficientnetb0,3,0.2517774,True
efficientnetb0,3,0.014700179,True
efficientnetb0,3,0.012230146,True
efficientnetb0,3,0.038188502,True
efficientnetb0,3,0.4480335,True
efficientnetb0,3,0.03738141,True
efficientnetb0,3,0.011265619,True
efficientnetb0,3,0.32716677,True
efficientnetb0,3,0.2101212,True
efficientnetb0,3,0.019384068,True
efficientnetb0,3,0.1343827,True
efficientnetb0,3,0.036760245,True
efficientnetb0,3,0.19959699,True
efficientnetb0,3,0.06423188,True
efficientnetb0,3,0.0070339027,True
efficientnetb0,3,0.07332006,True
efficientnetb0,3,0.01538008,True
efficientnetb0,3,0.18585414,True
efficientnetb0,3,0.08939175,True
efficientnetb0,3,0.10211527,True
efficientnetb0,3,0.08700777,True
efficientnetb0,3,0.18133783,True
efficientnetb0,3,0.011947258,True
efficientnetb0,3,0.045165587,True
efficientnetb0,3,0.005047288,True
efficientnetb0,3,0.05556182,True
efficientnetb0,3,0.012461742,True
efficientnetb0,3,0.06919009,True
efficientnetb0,3,0.013318026,True
efficientnetb0,3,0.032325298,True
efficientnetb0,3,0.04443683,True
efficientnetb0,3,0.0049117543,True
efficientnetb0,3,0.07235,True
efficientnetb0,3,0.16335827,True
efficientnetb0,3,0.0061082705,True
efficientnetb0,3,0.03143951,True
efficientnetb0,3,0.025938675,True
efficientnetb0,3,0.019595789,True
efficientnetb0,3,0.54879,True
efficientnetb0,3,0.019240426,True
efficientnetb0,3,0.4086069,True
efficientnetb0,3,0.06100778,True
efficientnetb0,3,0.30507714,True
efficientnetb0,3,0.19983837,True
efficientnetb0,3,0.0019755196,True
efficientnetb0,3,0.07359545,True
efficientnetb0,3,0.7258078,True
efficientnetb0,3,0.10279352,True
efficientnetb0,3,0.022116018,True
efficientnetb0,3,0.010922651,True
efficientnetb0,3,0.0093013225,True
efficientnetb0,3,0.104965925,True
efficientnetb0,3,0.0025072396,True
efficientnetb0,3,0.045188803,True
efficientnetb0,3,0.529978,True
efficientnetb0,3,0.0074763494,True
efficientnetb0,3,0.007327557,True
efficientnetb0,3,0.4859056,True
efficientnetb0,3,0.081792064,True
efficientnetb0,3,0.058490936,True
efficientnetb0,3,0.01463365,True
efficientnetb0,3,0.03418596,True
efficientnetb0,3,0.098964944,True
efficientnetb0,3,0.01827227,True
efficientnetb0,3,0.01638719,True
efficientnetb0,3,0.04791963,True
efficientnetb0,3,0.082807176,True
efficientnetb0,3,0.027960889,True
efficientnetb0,3,0.2827942,True
efficientnetb0,3,0.10984881,True
efficientnetb0,3,0.15465876,True
efficientnetb0,3,0.1924024,True
efficientnetb0,3,0.010204298,True
efficientnetb0,3,0.017026674,True
efficientnetb0,3,0.051981874,True
efficientnetb0,3,0.034353003,True
efficientnetb0,3,0.26634625,True
efficientnetb0,3,0.18437576,True
efficientnetb0,3,0.018723482,True
efficientnetb0,3,0.018974707,True
efficientnetb0,3,0.022482442,True
efficientnetb0,3,0.027371643,True
efficientnetb0,3,0.008597556,True
efficientnetb0,3,0.026116168,True
efficientnetb0,3,0.11108015,True
efficientnetb0,3,0.008254304,True
efficientnetb0,3,0.014632798,True
efficientnetb0,3,0.063746765,True
efficientnetb0,3,0.16002175,True
efficientnetb0,3,0.02634427,True
efficientnetb0,3,0.105965324,True
efficientnetb0,3,0.3642912,True
efficientnetb0,3,0.0113030085,True
efficientnetb0,3,0.097462445,True
efficientnetb0,3,0.034680605,True
efficientnetb0,3,0.23156174,True
efficientnetb0,3,0.16597873,True
efficientnetb0,3,0.025113115,True
efficientnetb0,3,0.024957659,True
efficientnetb0,3,0.10617012,True
efficientnetb0,3,0.052021187,True
efficientnetb0,3,0.35626656,True
efficientnetb0,3,0.20378603,True
efficientnetb0,3,0.1633852,True
efficientnetb0,3,0.011760507,True
efficientnetb0,3,0.0033687437,True
efficientnetb0,3,0.080867626,True
efficientnetb0,3,0.55961704,True
efficientnetb0,3,0.08361566,True
efficientnetb0,3,0.0042509544,True
efficientnetb0,3,0.030740205,True
efficientnetb0,3,0.12620452,True
efficientnetb0,3,0.054342367,True
efficientnetb0,3,0.9483336,True
efficientnetb0,3,0.029695455,True
efficientnetb0,3,0.019206239,True
efficientnetb0,3,0.049975656,True
efficientnetb0,3,0.015593203,True
efficientnetb0,3,0.051249556,True
efficientnetb0,3,0.038199127,True
efficientnetb0,3,0.12177843,True
efficientnetb0,3,0.09462213,True
efficientnetb0,3,0.02187984,True
efficientnetb0,3,0.15574946,True
efficientnetb0,3,0.03721577,True
efficientnetb0,3,0.00063448015,True
efficientnetb0,3,0.013896273,True
efficientnetb0,3,0.019367928,True
efficientnetb0,3,0.15593733,True
efficientnetb0,3,0.0611886,True
efficientnetb0,3,0.28478846,True
efficientnetb0,3,0.024694903,True
efficientnetb0,3,0.043173358,True
efficientnetb0,3,0.1077185,True
efficientnetb0,3,0.07681457,True
efficientnetb0,3,0.012185375,True
efficientnetb0,3,0.018133435,True
efficientnetb0,3,0.0066374503,True
efficientnetb0,3,0.07487947,True
efficientnetb0,3,0.07878489,True
efficientnetb0,3,0.012670492,True
efficientnetb0,3,0.15741797,True
efficientnetb0,3,0.07898872,True
efficientnetb0,3,0.031652153,True
efficientnetb0,3,0.042886537,True
efficientnetb0,3,0.20190178,True
efficientnetb0,3,0.017486291,True
efficientnetb0,3,0.0151407365,True
efficientnetb0,3,0.18147567,True
efficientnetb0,3,0.033326488,True
efficientnetb0,3,0.0250673,True
efficientnetb0,3,0.7008571,True
efficientnetb0,3,0.062031727,True
efficientnetb0,3,0.079586335,True
efficientnetb0,3,0.0010009473,True
efficientnetb0,3,0.0036413241,True
efficientnetb0,3,0.033662453,True
efficientnetb0,3,0.008648811,True
efficientnetb0,3,0.026992211,True
efficientnetb0,3,0.020951405,True
efficientnetb0,3,0.13987379,True
efficientnetb0,3,0.023681574,True
efficientnetb0,3,0.09904066,True
efficientnetb0,3,0.027523324,True
efficientnetb0,3,0.012649236,True
efficientnetb0,3,0.005453226,True
efficientnetb0,3,0.0065272087,True
efficientnetb0,3,0.03267485,True
efficientnetb0,3,0.038413793,True
efficientnetb0,3,0.026394224,True
efficientnetb0,3,0.2549651,True
efficientnetb0,3,0.30544817,True
efficientnetb0,3,0.0063992823,True
efficientnetb0,3,0.22673455,True
efficientnetb0,3,0.029363422,True
efficientnetb0,3,0.035385124,True
efficientnetb0,3,0.034306277,True
efficientnetb0,3,0.003915722,True
efficientnetb0,3,0.012950198,True
efficientnetb0,3,0.06441554,True
efficientnetb0,3,0.3482406,True
efficientnetb0,3,0.024406519,True
efficientnetb0,3,0.009442655,True
efficientnetb0,3,0.33056805,True
efficientnetb0,3,1.1625781,False
efficientnetb0,3,0.07712983,True
efficientnetb0,3,0.030587655,True
efficientnetb0,3,0.023300504,True
efficientnetb0,3,0.04939891,True
efficientnetb0,3,0.0061936206,True
efficientnetb0,3,0.019379158,True
efficientnetb0,3,0.029928133,True
efficientnetb0,3,0.5183276,True
efficientnetb0,3,0.009676909,True
efficientnetb0,3,0.04384426,True
efficientnetb0,3,0.046714135,True
efficientnetb0,3,0.003346487,True
efficientnetb0,3,0.0029921713,True
efficientnetb0,3,0.029160587,True
efficientnetb0,3,0.05274836,True
efficientnetb0,3,0.07147395,True
efficientnetb0,3,0.08792756,True
efficientnetb0,3,0.06114087,True
efficientnetb0,3,0.03602912,True
efficientnetb0,3,0.0897276,True
efficientnetb0,3,0.02273318,True
efficientnetb0,3,0.024039332,True
efficientnetb0,3,0.007008526,True
efficientnetb0,3,0.095876485,True
efficientnetb0,3,0.014161118,True
efficientnetb0,3,0.057601538,True
efficientnetb0,3,0.13557525,True
efficientnetb0,3,0.0085728,True
efficientnetb0,3,0.018350022,True
efficientnetb0,3,0.033655297,True
efficientnetb0,3,0.0047797356,True
efficientnetb0,3,0.115656,True
efficientnetb0,3,0.0053847274,True
efficientnetb0,3,0.011667038,True
efficientnetb0,3,0.062917806,True
efficientnetb0,3,0.10905379,True
efficientnetb0,3,0.045309085,True
efficientnetb0,3,0.07196795,True
efficientnetb0,3,0.02467383,True
efficientnetb0,3,0.039918706,True
efficientnetb0,3,0.0076344456,True
efficientnetb0,3,0.11484094,True
efficientnetb0,3,0.0056863013,True
efficientnetb0,3,0.073724315,True
efficientnetb0,3,0.066890225,True
efficientnetb0,3,0.06965704,True
efficientnetb0,3,0.007115173,True
efficientnetb0,3,0.6602536,True
efficientnetb0,3,0.04440978,True
efficientnetb0,3,0.00076827174,True
efficientnetb0,3,0.020358428,True
efficientnetb0,3,0.116449594,True
efficientnetb0,3,0.06452826,True
efficientnetb0,3,0.029833019,True
efficientnetb0,3,0.07312441,True
efficientnetb0,3,0.021548897,True
efficientnetb0,3,0.38106173,True
efficientnetb0,3,0.017990429,True
efficientnetb0,3,0.72944456,True
efficientnetb0,3,0.1056518,True
efficientnetb0,3,0.11849638,True
efficientnetb0,3,0.15471321,True
efficientnetb0,3,0.03486046,True
efficientnetb0,3,0.03753512,True
efficientnetb0,3,0.010160714,True
efficientnetb0,3,0.06415141,True
efficientnetb0,3,0.015572892,True
efficientnetb0,3,0.013642585,True
efficientnetb0,3,0.004889042,True
efficientnetb0,3,0.14328475,True
efficientnetb0,3,0.02228942,True
efficientnetb0,3,0.22211842,True
efficientnetb0,3,0.029979575,True
efficientnetb0,3,0.10405534,True
efficientnetb0,3,0.023812912,True
efficientnetb0,3,0.37411284,True
efficientnetb0,3,0.13676307,True
efficientnetb0,3,0.0020284036,True
efficientnetb0,3,0.034454707,True
efficientnetb0,3,0.06649162,True
efficientnetb0,3,0.10018046,True
efficientnetb0,3,0.020146575,True
efficientnetb0,3,0.029641928,True
efficientnetb0,3,0.34649432,True
efficientnetb0,3,0.05958377,True
efficientnetb0,3,0.011625363,True
efficientnetb0,3,0.070072584,True
efficientnetb0,3,0.45254886,True
efficientnetb0,3,0.015551213,True
efficientnetb0,3,0.034183234,True
efficientnetb0,3,0.041286606,True
efficientnetb0,3,0.076600835,True
efficientnetb0,3,0.03303755,True
efficientnetb0,3,0.16814688,True
efficientnetb0,3,0.14692222,True
efficientnetb0,3,0.0048620817,True
efficientnetb0,3,0.03603364,True
efficientnetb0,3,0.26947343,True
efficientnetb0,3,0.011035958,True
efficientnetb0,3,0.024855582,True
efficientnetb0,3,0.009462988,True
efficientnetb0,3,0.023189597,True
efficientnetb0,3,0.18867706,True
efficientnetb0,3,0.049382366,True
efficientnetb0,3,0.11100821,True
efficientnetb0,3,0.015292651,True
efficientnetb0,3,0.031743336,True
efficientnetb0,3,0.06008544,True
efficientnetb0,3,0.0045105927,True
efficientnetb0,3,0.0053571668,True
efficientnetb0,3,0.1596195,True
efficientnetb0,3,0.21696867,True
efficientnetb0,3,0.020671032,True
efficientnetb0,3,0.103046305,True
efficientnetb0,3,0.06335839,True
efficientnetb0,3,0.100472465,True
efficientnetb0,3,0.004358133,True
efficientnetb0,3,0.025559617,True
efficientnetb0,3,0.15584882,True
efficientnetb0,3,0.18390939,True
efficientnetb0,3,0.01384853,True
efficientnetb0,3,0.21128598,True
efficientnetb0,3,0.042158242,True
efficientnetb0,3,0.0037486944,True
efficientnetb0,3,0.1092688,True
efficientnetb0,3,0.06310964,True
efficientnetb0,3,0.21779285,True
efficientnetb0,3,0.0043937736,True
efficientnetb0,3,0.65753436,True
efficientnetb0,3,0.14856876,True
efficientnetb0,3,0.6464881,True
efficientnetb0,3,0.30107516,True
efficientnetb0,3,0.028756496,True
efficientnetb0,3,0.008785051,True
efficientnetb0,3,0.25650403,True
efficientnetb0,3,0.1529223,True
efficientnetb0,3,0.22396815,True
efficientnetb0,3,0.2571674,True
efficientnetb0,3,0.041579437,True
efficientnetb0,3,0.4505783,True
efficientnetb0,3,0.025998373,True
efficientnetb0,3,0.2401676,True
efficientnetb0,3,0.03478751,True
efficientnetb0,3,0.18941894,True
efficientnetb0,3,0.37937784,True
efficientnetb0,3,0.11064513,True
efficientnetb0,3,0.12550756,True
efficientnetb0,3,0.024172705,True
efficientnetb0,3,0.097607255,True
efficientnetb0,3,0.003615776,True
